,title,directors,Writers,Imdb_Ratings,Release_year,Runtime,Motion_picture_Rating,budgets,gross_us_and_canada,gross_worldwide,opening_weekend_gross_in_uscanada,Languages,Origin,Genre,Production_company,Nominations_and_wins,Oscar
0,The Shawshank Redemption,Frank Darabont,"['Stephen King', 'Frank Darabont']",9.3,1994,2h 22m,A,"$25,000,000 (estimated)","$28,767,189","$29,332,133","$727,327",['English'],['United States'],"['Epic', 'Period Drama', 'Prison Drama', 'Drama']",['Castle Rock Entertainment'],21 wins & 42 nominations total,['Nominated for 7 Oscars']
1,The Godfather,Francis Ford Coppola,"['Mario Puzo', 'Francis Ford Coppola']",9.2,1972,2h 55m,A,"$6,000,000 (estimated)","$136,381,073","$250,342,198","$302,393","['English', 'Italian', 'Latin']",['United States'],"['Epic', 'Gangster', 'Tragedy', 'Crime', 'Drama']","['Paramount Pictures', 'Albert S. Ruddy Productions', 'Alfran Productions']",31 wins & 31 nominations total,['Won 3 Oscars']
2,The Dark Knight,Christopher Nolan,"['Jonathan Nolan', 'Christopher Nolan', 'David S. Goyer']",9.0,2008,2h 32m,UA,"$185,000,000 (estimated)","$534,987,076","$1,009,057,329","$158,411,483","['English', 'Mandarin']","['United States', 'United Kingdom']","['Action Epic', 'Epic', 'Superhero', 'Action', 'Crime', 'Drama', 'Thriller']","['Warner Bros.', 'Legendary Entertainment', 'Syncopy']",164 wins & 165 nominations total,['Won 2 Oscars']
3,The Godfather: Part II,Francis Ford Coppola,"['Francis Ford Coppola', 'Mario Puzo']",9.0,1974,3h 22m,A,"$13,000,000 (estimated)","$47,834,595","$47,964,222","$171,417","['English', 'Italian', 'Spanish', 'Latin', 'Sicilian']",['United States'],"['Epic', 'Gangster', 'Tragedy', 'Crime', 'Drama']","['Paramount Pictures', 'The Coppola Company', 'American Zoetrope']",17 wins & 21 nominations total,['Won 6 Oscars']
4,12 Angry Men,Sidney Lumet,['Reginald Rose'],9.0,1957,1h 36m,U,"$350,000 (estimated)","$2,945",,,[],['United States'],"['Legal Drama', 'Psychological Drama', 'Crime', 'Drama']",[],16 wins & 12 nominations total,['Nominated for 3 Oscars']
5,The Lord of the Rings: The Return of the King,Peter Jackson,"['J.R.R. Tolkien', 'Fran Walsh', 'Philippa Boyens']",9.0,2003,3h 21m,U,"$94,000,000 (estimated)","$381,878,219","$1,138,267,561","$72,629,713","['English', 'Quenya', 'Old English', 'Sindarin']","['New Zealand', 'United States']","['Action Epic', 'Adventure Epic', 'Epic', 'Fantasy Epic', 'Mountain Adventure', 'Quest', 'Sword & Sorcery', 'Tragedy', 'Adventure', 'Drama']","['New Line Cinema', 'WingNut Films', 'The Saul Zaentz Company']",215 wins & 124 nominations total,['Won 11 Oscars']
6,Schindler's List,Steven Spielberg,"['Thomas Keneally', 'Steven Zaillian']",9.0,1993,3h 15m,A,"$22,000,000 (estimated)","$96,898,818","$322,161,245","$656,636","['English', 'Hebrew', 'German', 'Polish', 'Latin']","['United States', 'Black and White']","['Docudrama', 'Epic', 'Historical Epic', 'Period Drama', 'Prison Drama', 'Tragedy', 'Biography', 'Drama', 'History']","['Universal Pictures', 'Amblin Entertainment']",91 wins & 49 nominations total,['Won 7 Oscars']
7,Pulp Fiction,Quentin Tarantino,"['Quentin Tarantino', 'Roger Avary']",8.9,1994,2h 34m,A,"$8,000,000 (estimated)","$107,928,762","$213,928,762","$9,311,882","['English', 'Spanish', 'French']",['United States'],"['Dark Comedy', 'Drug Crime', 'Gangster', 'Crime', 'Drama']","['Miramax', 'A Band Apart', 'Jersey Films']",69 wins & 72 nominations total,['Won 1 Oscar']
8,The Lord of the Rings: The Fellowship of the Ring,Peter Jackson,"['J.R.R. Tolkien', 'Fran Walsh', 'Philippa Boyens']",8.9,2001,2h 58m,U,"$93,000,000 (estimated)","$319,372,078","$888,195,122","$47,211,490","['English', 'Sindarin']","['New Zealand', 'United States', 'United Kingdom']","['Action Epic', 'Adventure Epic', 'Epic', 'Fantasy Epic', 'Quest', 'Sword & Sorcery', 'Adventure', 'Drama', 'Fantasy']","['New Line Cinema', 'WingNut Films', 'Marzano Films']",125 wins & 126 nominations total,['Won 4 Oscars']
9,"Il Buono, Il Brutto, Il Cattivo",Sergio Leone,"['Luciano Vincenzoni', 'Sergio Leone', 'Agenore Incrocci']",8.8,1966,2h 41m,A,"$1,200,000 (estimated)","$25,100,000",,"$25,264,999",[],"['Italy', 'Spain', 'West Germany', 'United States']","['Adventure Epic', 'Dark Comedy', 'Desert Adventure', 'Epic', 'Period Drama', 'Quest', 'Spaghetti Western', 'Western Epic', 'Adventure', 'Drama']",[],2 wins & 5 nominations total,['Awards']
10,Forrest Gump,Robert Zemeckis,"['Winston Groom', 'Eric Roth']",8.8,1994,2h 22m,UA,"$55,000,000 (estimated)","$330,455,270","$678,226,465","$24,450,602",['English'],"['United States', 'Color']","['Epic', 'Drama', 'Romance']","['Paramount Pictures', 'The Steve Tisch Company', 'Wendy Finerman Productions']",51 wins & 74 nominations total,['Won 6 Oscars']
11,The Lord of the Rings: The Two Towers,Peter Jackson,"['J.R.R. Tolkien', 'Fran Walsh', 'Philippa Boyens']",8.8,2002,2h 59m,UA,"$94,000,000 (estimated)","$345,518,923","$938,242,927","$62,007,528","['English', 'Sindarin', 'Old English']","['New Zealand', 'United States']","['Action Epic', 'Adventure Epic', 'Dark Fantasy', 'Epic', 'Fantasy Epic', 'Quest', 'Sword & Sorcery', 'Adventure', 'Drama', 'Fantasy']","['New Line Cinema', 'WingNut Films', 'The Saul Zaentz Company']",132 wins & 138 nominations total,['Won 2 Oscars']
12,Fight Club,David Fincher,"['Chuck Palahniuk', 'Jim Uhls']",8.8,1999,2h 19m,A,"$63,000,000 (estimated)","$37,030,102","$101,321,009","$11,035,485",['English'],"['Germany', 'United States']","['Psychological Drama', 'Workplace Drama', 'Drama']","['Fox 2000 Pictures', 'New Regency Productions', 'Linson Films']",12 wins & 38 nominations total,['Nominated for 1 Oscar']
13,Inception,Christopher Nolan,['Christopher Nolan'],8.8,2010,2h 28m,UA,"$160,000,000 (estimated)","$292,587,330","$839,030,630","$62,785,337","['English', 'Japanese', 'French']","['United States', 'United Kingdom']","['Action Epic', 'Adventure Epic', 'Epic', 'Psychological Thriller', 'Sci-Fi Epic', 'Action', 'Adventure', 'Sci-Fi', 'Thriller']","['Warner Bros.', 'Legendary Entertainment', 'Syncopy']",159 wins & 220 nominations total,['Won 4 Oscars']
14,Star Wars: Episode V - The Empire Strikes Back,Irvin Kershner,"['Leigh Brackett', 'Lawrence Kasdan', 'George Lucas']",8.7,1980,2h 4m,UA,"$18,000,000 (estimated)","$292,753,960","$550,016,086","$4,910,483",['English'],['United States'],"['Action Epic', 'Adventure Epic', 'Dark Fantasy', 'Epic', 'Fantasy Epic', 'Globetrotting Adventure', 'Quest', 'Sci-Fi Epic', 'Space Sci-Fi', 'Sword & Sorcery']",['Lucasfilm'],27 wins & 20 nominations total,['Won 1 Oscar']
15,The Matrix,Lana Wachowski,"['Lilly Wachowski', 'Lana Wachowski']",8.7,1999,2h 16m,A,"$63,000,000 (estimated)","$172,076,928","$467,841,735","$27,788,331",['English'],"['United States', 'Australia']","['Action Epic', 'Artificial Intelligence', 'Cyberpunk', 'Dystopian Sci-Fi', 'Gun Fu', 'Martial Arts', 'Sci-Fi Epic', 'Action', 'Sci-Fi']","['Warner Bros.', 'Village Roadshow Pictures', 'Groucho Film Partnership']",42 wins & 52 nominations total,['Won 4 Oscars']
16,GoodFellas,Martin Scorsese,"['Nicholas Pileggi', 'Martin Scorsese']",8.7,1990,2h 25m,A,"$25,000,000 (estimated)","$46,909,721","$47,056,033","$6,368,901","['English', 'Italian', 'Hebrew', 'Yiddish']",['United States'],"['Docudrama', 'Gangster', 'True Crime', 'Biography', 'Crime', 'Drama']",['Warner Bros.'],44 wins & 38 nominations total,['Won 1 Oscar']
17,One Flew Over the Cuckoo's Nest,Milos Forman,"['Lawrence Hauben', 'Bo Goldman', 'Ken Kesey']",8.7,1975,2h 13m,A,"$3,000,000 (estimated)","$108,981,275",,"$109,115,366",[],['United States'],"['Medical Drama', 'Psychological Drama', 'Drama']",[],38 wins & 15 nominations total,['Won 5 Oscars']
18,Interstellar,Christopher Nolan,"['Jonathan Nolan', 'Christopher Nolan']",8.7,2014,2h 49m,UA,"$165,000,000 (estimated)","$203,227,580","$743,685,729","$47,510,360",['English'],"['United States', 'United Kingdom', 'Canada']","['Adventure Epic', 'Epic', 'Quest', 'Sci-Fi Epic', 'Space Sci-Fi', 'Time Travel', 'Adventure', 'Drama', 'Sci-Fi']","['Paramount Pictures', 'Warner Bros.', 'Legendary Entertainment']",44 wins & 148 nominations total,['Won 1 Oscar']
19,Se7en,David Fincher,['Andrew Kevin Walker'],8.6,1995,2h 7m,A,"$33,000,000 (estimated)","$101,040,643","$328,248,559","$13,949,807",['English'],['United States'],"['Cop Drama', 'Hard-boiled Detective', 'Legal Drama', 'Police Procedural', 'Psychological Thriller', 'Serial Killer', 'Crime', 'Drama', 'Mystery', 'Thriller']","['Arnold Kopelson Productions', 'Cecchi Gori Pictures', 'Juno Pix']",29 wins & 44 nominations total,['Nominated for 1 Oscar']
20,It's a Wonderful Life,Frank Capra,"['Frances Goodrich', 'Albert Hackett', 'Frank Capra']",8.6,1946,2h 10m,PG,"$3,180,000 (estimated)","$1,483,643","$10,635,461","$44,000","['English', 'French']",['United States'],"['Feel-Good Romance', 'Holiday Family', 'Holiday Romance', 'Psychological Drama', 'Drama', 'Family', 'Fantasy', 'Holiday', 'Romance']",['Liberty Films (II)'],7 wins & 6 nominations total,['Nominated for 5 Oscars']
21,Shichinin No Samurai,Akira Kurosawa,"['Akira Kurosawa', 'Shinobu Hashimoto', 'Hideo Oguni']",8.6,1954,3h 27m,U,"¥125,000,000 (estimated)","$820,278","$1,074,813","$15,942",[],['Japan'],"['Action Epic', 'Epic', 'Period Drama', 'Samurai', 'Action', 'Drama']",[],5 wins & 9 nominations total,['Nominated for 2 Oscars']
22,The Silence of the Lambs,Jonathan Demme,"['Thomas Harris', 'Ted Tally']",8.6,1991,1h 58m,A,"$19,000,000 (estimated)","$130,742,922","$272,742,922","$13,766,814","['English', 'Latin']",['United States'],"['Police Procedural', 'Psychological Drama', 'Psychological Thriller', 'Serial Killer', 'Crime', 'Drama', 'Thriller']","['Strong Heart/Demme Production', 'Orion Pictures']",71 wins & 50 nominations total,['Won 5 Oscars']
23,Saving Private Ryan,Steven Spielberg,['Robert Rodat'],8.6,1998,2h 49m,A,"$70,000,000 (estimated)","$217,049,603","$482,352,390","$30,576,104","['English', 'French', 'German', 'Czech']",['United States'],"['Epic', 'Period Drama', 'War Epic', 'Drama', 'War']","['Dreamworks Pictures', 'Paramount Pictures', 'Amblin Entertainment']",79 wins & 75 nominations total,['Won 5 Oscars']
24,City of God,Fernando Meirelles,"['Bráulio Mantovani', 'Paulo Lins']",8.6,2002,2h 10m,A,"R$3,300,000 (estimated)","$7,564,459","$30,680,793","$88,292",['Portuguese'],"['Brazil', 'France']","['Caper', 'Coming-of-Age', 'Gangster', 'Crime', 'Drama']","['O2 Filmes', 'VideoFilmes', 'Globo Filmes']",75 wins & 50 nominations total,['Nominated for 4 Oscars']
25,The Green Mile,Frank Darabont,"['Stephen King', 'Frank Darabont']",8.6,1999,3h 9m,UA,"$60,000,000 (estimated)","$136,801,374","$286,801,374","$18,017,152","['English', 'French']",['United States'],"['Period Drama', 'Prison Drama', 'Supernatural Fantasy', 'Tragedy', 'Crime', 'Drama', 'Fantasy', 'Mystery']","['Castle Rock Entertainment', 'Darkwoods Productions', 'Warner Bros.']",15 wins & 37 nominations total,['Nominated for 4 Oscars']
26,Life Is Beautiful,Roberto Benigni,"['Vincenzo Cerami', 'Roberto Benigni']",8.6,1997,1h 56m,U,"ITL 15,000,000,000 (estimated)","$57,563,264","$230,099,013","$118,920","['Italian', 'German', 'English']",['Italy'],"['Period Drama', 'Romantic Comedy', 'Tragedy', 'Tragic Romance', 'Comedy', 'Drama', 'Romance', 'War']","['Melampo Cinematografica', 'Cecchi Gori Group Tiger Cinematografica']",72 wins & 52 nominations total,['Won 3 Oscars']
27,Terminator 2: Judgment Day,James Cameron,"['James Cameron', 'William Wisher']",8.6,1991,2h 17m,A,"$102,000,000 (estimated)","$205,881,154","$517,778,573","$31,765,506","['English', 'Spanish']",['United States'],"['Action Epic', 'Artificial Intelligence', 'Cyberpunk', 'Dystopian Sci-Fi', 'Sci-Fi Epic', 'Time Travel', 'Action', 'Adventure', 'Sci-Fi']","['Carolco Pictures', 'Pacific Western', 'Lightstorm Entertainment']",39 wins & 33 nominations total,['Won 4 Oscars']
28,Star Wars: Episode IV - A New Hope,George Lucas,['George Lucas'],8.6,1977,2h 1m,U,"$11,000,000 (estimated)","$460,998,507","$775,398,507","$1,554,475",['English'],['United States'],"['Action Epic', 'Adventure Epic', 'Epic', 'Fantasy Epic', 'Quest', 'Sci-Fi Epic', 'Space Sci-Fi', 'Sword & Sorcery', 'Action', 'Adventure']","['Lucasfilm', 'Twentieth Century Fox']",69 wins & 30 nominations total,['Won 6 Oscars']
29,Back to the Future,Robert Zemeckis,"['Robert Zemeckis', 'Bob Gale']",8.5,1985,1h 56m,U,"$19,000,000 (estimated)","$214,553,307","$385,053,307","$11,152,500",['English'],['United States'],"['High-Concept Comedy', 'Teen Adventure', 'Teen Comedy', 'Time Travel', 'Urban Adventure', 'Adventure', 'Comedy', 'Sci-Fi']","['Universal Pictures', 'Amblin Entertainment', 'U-Drive Productions']",27 wins & 25 nominations total,['Won 1 Oscar']
30,Spirited Away,Hayao Miyazaki,['Hayao Miyazaki'],8.6,2001,2h 4m,U,"$19,000,000 (estimated)","$15,205,725","$358,556,579","$449,839","['Japanese', 'English']","['Japan', 'United States']","['Anime', 'Coming-of-Age', 'Fairy Tale', 'Hand-Drawn Animation', 'Quest', 'Supernatural Fantasy', 'Adventure', 'Animation', 'Family', 'Fantasy']",[],58 wins & 31 nominations total,['Won 1 Oscar']
31,The Pianist,Roman Polanski,"['Ronald Harwood', 'Wladyslaw Szpilman']",8.5,2002,2h 30m,13,"$35,000,000 (estimated)","$32,590,750","$120,098,945","$111,261","['English', 'German', 'Russian']","['France', 'Poland', 'Germany', 'United Kingdom', 'United States']","['Docudrama', 'Epic', 'Period Drama', 'Tragedy', 'War Epic', 'Biography', 'Drama', 'Music', 'War']","['R.P. Productions', 'Heritage Films', 'Studio Babelsberg']",57 wins & 74 nominations total,['Won 3 Oscars']
32,Gladiator,Ridley Scott,"['David Franzoni', 'John Logan', 'William Nicholson']",8.5,2000,2h 35m,UA,"$103,000,000 (estimated)","$187,705,427","$465,516,248","$34,819,017",['English'],"['United States', 'United Kingdom', 'Malta', 'Morocco']","['Action Epic', 'Adventure Epic', 'Epic', 'Period Drama', 'Sword & Sandal', 'Action', 'Adventure', 'Drama']","['Dreamworks Pictures', 'Universal Pictures', 'Scott Free Productions']",60 wins & 104 nominations total,['Won 5 Oscars']
33,Parasite,Bong Joon Ho,"['Bong Joon Ho', 'Han Jin-won']",8.5,2019,2h 12m,UA,"$11,400,000 (estimated)","$53,369,749","$262,129,969","$393,216","['Korean', 'English']",['South Korea'],"['Dark Comedy', 'Korean Drama', 'Psychological Thriller', 'Tragedy', 'Drama', 'Thriller']","['CJ Entertainment', 'Barunson E&A']",317 wins & 266 nominations total,['Won 4 Oscars']
34,Psycho,Alfred Hitchcock,"['Joseph Stefano', 'Robert Bloch']",8.5,1960,1h 49m,A,"$806,947 (estimated)","$32,181,230",,"$32,248,065",[],['United States'],"['Psychological Horror', 'Psychological Thriller', 'Slasher Horror', 'Suspense Mystery', 'Horror', 'Mystery', 'Thriller']",[],8 wins & 14 nominations total,['Nominated for 4 Oscars']
35,The Lion King,Roger Allers,"['Irene Mecchi', 'Jonathan Roberts', 'Linda Woolverton']",8.5,1994,1h 28m,U,"$45,000,000 (estimated)","$424,979,720","$979,161,373","$1,586,753","['English', 'Swahili', 'Xhosa', 'Zulu']",['United States'],"['Animal Adventure', 'Coming-of-Age', 'Hand-Drawn Animation', 'Jungle Adventure', 'Adventure', 'Animation', 'Drama', 'Family', 'Fantasy', 'Musical']","['Walt Disney Pictures', 'Walt Disney Animation Studios', 'Walt Disney Feature Animation']",43 wins & 35 nominations total,['Won 2 Oscars']
36,Grave of the Fireflies,Isao Takahata,"['Akiyuki Nosaka', 'Isao Takahata']",8.5,1988,1h 28m,U,"$3,700,000 (estimated)","$516,962","$801,143","$158,101",[],['Japan'],"['Adult Animation', 'Anime', 'Hand-Drawn Animation', 'Period Drama', 'Animation', 'Drama', 'War']",[],3 wins total,['Awards']
37,The Departed,Martin Scorsese,"['William Monahan', 'Alan Mak', 'Felix Chong']",8.5,2006,2h 31m,A,"$90,000,000 (estimated)","$132,399,394","$291,481,358","$26,887,467",[],"['United States', 'Hong Kong']","['Cop Drama', 'Epic', 'Gangster', 'Crime', 'Drama', 'Thriller']",[],100 wins & 141 nominations total,['Won 4 Oscars']
38,Whiplash,Damien Chazelle,['Damien Chazelle'],8.5,2014,1h 46m,A,"$3,300,000 (estimated)","$14,003,391","$50,360,880","$135,388",['English'],['United States'],"['Psychological Drama', 'Drama', 'Music']","['Bold Films', 'Blumhouse Productions', 'Right of Way Films']",98 wins & 144 nominations total,['Won 3 Oscars']
39,Seppuku,Masaki Kobayashi,"['Yasuhiko Takiguchi', 'Shinobu Hashimoto']",8.6,1962,2h 13m,Not Rated,"$15,222",,,,[],['Japan'],"['Period Drama', 'Drama', 'Mystery']",[],9 wins & 3 nominations total,['Awards']
40,American History X,Tony Kaye,['David McKenna'],8.5,1998,1h 59m,R,"$20,000,000 (estimated)","$6,719,864","$23,875,714","$156,076",['English'],['United States'],"['Prison Drama', 'Tragedy', 'Crime', 'Drama']","['New Line Cinema', 'Savoy Pictures', 'The Turman-Morrissey Company']",4 wins & 15 nominations total,['Nominated for 1 Oscar']
41,The Prestige,Christopher Nolan,"['Jonathan Nolan', 'Christopher Nolan', 'Christopher Priest']",8.5,2006,2h 10m,U,"$40,000,000 (estimated)","$53,089,891","$109,676,311","$14,801,808",[],"['United Kingdom', 'United States']","['Period Drama', 'Steampunk', 'Tragedy', 'Drama', 'Mystery', 'Sci-Fi', 'Thriller']",[],6 wins & 44 nominations total,['Nominated for 2 Oscars']
42,Léon,Luc Besson,['Luc Besson'],8.5,1994,1h 50m,R,"$16,000,000 (estimated)","$19,501,238","$20,278,989","$5,306,558","['English', 'Italian', 'French']","['France', 'United States']","['Gangster', 'One-Person Army Action', 'Action', 'Crime', 'Drama', 'Thriller']","['Columbia Pictures', 'Gaumont', 'Les Films du Dauphin']",5 wins & 16 nominations total,['Awards']
43,Spider-man: Across the Spider-verse,Joaquim Dos Santos,"['Phil Lord', 'Christopher Miller', 'Dave Callaham']",8.5,2023,2h 20m,U,"$150,000,000 (estimated)","$381,593,754","$690,824,738","$120,663,589",['English'],"['United States', 'Dolby Atmos', 'Dolby Surround 7.1', 'IMAX 6-Track', 'SDDS', 'Dolby Digital', 'Auro 11.1', 'Sonics-DDP', 'D-Cinema 96kHz Dolby Surround 7.1', '12-Track Digital Sound']","['Computer Animation', 'Superhero', 'Supernatural Fantasy', 'Teen Adventure', 'Urban Adventure', 'Action', 'Adventure', 'Animation', 'Family', 'Fantasy']",[],106 wins & 164 nominations total,['Nominated for 1 Oscar']
44,Casablanca,Michael Curtiz,"['Julius J. Epstein', 'Howard Koch', 'Murray Burnett']",8.5,1942,1h 42m,U,"$950,000 (estimated)","$4,219,709","$4,727,083","$181,494","['English', 'French', 'German', 'Italian', 'Russian']",['United States'],"['Drama', 'Romance', 'War']",['Warner Bros.'],14 wins & 11 nominations total,['Won 3 Oscars']
45,The Usual Suspects,Bryan Singer,['Christopher McQuarrie'],8.5,1995,1h 46m,A,"$6,000,000 (estimated)","$23,341,568","$23,341,568","$645,363","['English', 'Hungarian', 'Spanish', 'French']","['United States', 'Germany']","['Caper', 'Gangster', 'Heist', 'Psychological Drama', 'Psychological Thriller', 'Suspense Mystery', 'Whodunnit', 'Crime', 'Drama', 'Mystery']","['PolyGram Filmed Entertainment', 'Spelling Films International', 'Blue Parrot']",37 wins & 17 nominations total,['Won 2 Oscars']
46,Intouchables,Olivier Nakache,"['Olivier Nakache', 'Éric Toledano', 'Philippe Pozzo di Borgo']",8.5,2011,1h 52m,UA,"€9,500,000 (estimated)","$10,198,820","$426,590,315","$103,507","['French', 'English']",['France'],"['Docudrama', 'Comedy', 'Drama']","['Quad', 'Ten Films', 'Canal+']",38 wins & 40 nominations total,['Nominated for 1 BAFTA Award']
47,Cinema Paradiso,Giuseppe Tornatore,"['Giuseppe Tornatore', 'Vanna Paoli']",8.5,1988,2h 54m,U,"$5,000,000 (estimated)","$12,397,210","$13,020,497","$16,552",['Italian'],"['Italy', 'France']","['Coming-of-Age', 'Drama', 'Romance']","['Cristaldifilm', 'Les Films Ariane', 'Rai 3']",25 wins & 33 nominations total,['Won 1 Oscar']
48,Modern Times,Charles Chaplin,['Charles Chaplin'],8.5,1936,1h 27m,G,"$1,500,000 (estimated)","$163,577","$463,618","$35,809",['English'],['United States'],"['Romantic Comedy', 'Satire', 'Slapstick', 'Comedy', 'Drama', 'Romance']",['Charles Chaplin Productions'],4 wins & 1 nomination total,['Awards']
49,Alien,Ridley Scott,"[""Dan O'Bannon"", 'Ronald Shusett']",8.5,1979,1h 57m,R,"$11,000,000 (estimated)","$84,206,106","$108,610,231","$3,527,881",['English'],"['United Kingdom', 'United States']","['Cyberpunk', 'Monster Horror', 'Space Sci-Fi', 'Horror', 'Sci-Fi']","['Twentieth Century Fox', 'Brandywine Productions', 'Scott Free Productions']",19 wins & 22 nominations total,['Won 1 Oscar']
50,Rear Window,Alfred Hitchcock,"['John Michael Hayes', 'Cornell Woolrich']",8.5,1954,1h 52m,U,"$1,000,000 (estimated)","$37,622,343",,"$37,905,475",[],['United States'],"['Suspense Mystery', 'Drama', 'Mystery', 'Thriller']",[],6 wins & 13 nominations total,['Nominated for 4 Oscars']
51,C'era Una Volta Il West,Sergio Leone,"['Sergio Donati', 'Sergio Leone', 'Dario Argento']",8.5,1968,2h 46m,U,"$5,000,000 (estimated)","$5,321,508",,"$5,435,312",[],"['Italy', 'United States']","['Desert Adventure', 'Epic', 'Spaghetti Western', 'Western Epic', 'Drama', 'Western']",[],6 wins & 5 nominations total,['Awards']
52,Django Unchained,Quentin Tarantino,['Quentin Tarantino'],8.5,2012,2h 45m,A,"$100,000,000 (estimated)","$162,805,434","$426,076,293","$30,122,888","['English', 'German', 'French', 'Italian']",['United States'],"['Dark Comedy', 'Epic', 'Period Drama', 'Western Epic', 'Comedy', 'Drama', 'Western']","['The Weinstein Company', 'Columbia Pictures']",58 wins & 158 nominations total,['Won 2 Oscars']
53,Dune: Part Two,Denis Villeneuve,"['Denis Villeneuve', 'Jon Spaihts', 'Frank Herbert']",8.5,2024,2h 46m,UA,"$190,000,000 (estimated)","$282,144,358","$714,644,358","$82,505,391",['English'],"['United States', 'Canada', 'United Arab Emirates', 'Hungary', 'Italy', 'New Zealand', 'Jordan', 'Gambia']","['Action Epic', 'Desert Adventure', 'Epic', 'Sci-Fi Epic', 'Space Sci-Fi', 'Action', 'Adventure', 'Drama', 'Sci-Fi']","['Warner Bros.', 'Legendary Entertainment', 'Villeneuve Films']",62 wins & 318 nominations total,['Nominated for 5 Oscars']
54,City Lights,Charles Chaplin,"['Charles Chaplin', 'Harry Carr', 'Harry Crocker']",8.5,1931,1h 27m,G,"$1,500,000 (estimated)","$19,181","$55,154","$9,102","['None', 'English']",['United States'],"['Feel-Good Romance', 'Romantic Comedy', 'Satire', 'Slapstick', 'Comedy', 'Drama', 'Romance']",['Charles Chaplin Productions'],6 wins total,['Awards']
55,Apocalypse Now,Francis Ford Coppola,"['John Milius', 'Francis Ford Coppola', 'Michael Herr']",8.4,1979,2h 27m,R,"$31,500,000 (estimated)","$96,042,913","$105,086,099","$118,558","['English', 'French', 'Vietnamese']",[],"['Adventure Epic', 'Epic', 'Psychological Drama', 'Quest', 'War Epic', 'Drama', 'Mystery', 'War']","['American Zoetrope', 'Zoetrope Studios']",21 wins & 33 nominations total,['Won 2 Oscars']
56,Memento,Christopher Nolan,"['Christopher Nolan', 'Jonathan Nolan']",8.4,2000,1h 53m,UA,"$9,000,000 (estimated)","$25,544,867","$40,047,236","$235,488",['English'],"['United States', 'Color']","['Psychological Thriller', 'Suspense Mystery', 'Mystery', 'Thriller']","['Newmarket Capital Group', 'Team Todd', 'I Remember Productions']",57 wins & 59 nominations total,['Nominated for 2 Oscars']
57,WALL·E,Andrew Stanton,"['Andrew Stanton', 'Pete Docter', 'Jim Reardon']",8.4,2008,1h 38m,U,"$180,000,000 (estimated)","$223,808,164","$527,403,656","$63,087,526",['English'],"['United States', 'Japan']","['Adventure Epic', 'Artificial Intelligence', 'Computer Animation', 'Dystopian Sci-Fi', 'Space Sci-Fi', 'Adventure', 'Animation', 'Family', 'Sci-Fi']","['Walt Disney Pictures', 'Pixar Animation Studios', 'FortyFour Studios']",96 wins & 95 nominations total,['Won 1 Oscar']
58,Raiders of the Lost Ark,Steven Spielberg,"['Lawrence Kasdan', 'George Lucas', 'Philip Kaufman']",8.4,1981,1h 55m,A,"$18,000,000 (estimated)","$248,159,971","$389,925,971","$8,305,823","['English', 'German', 'Spanish', 'Nepali', 'Hebrew', 'Arabic']",['United States'],"['Adventure Epic', 'Desert Adventure', 'Globetrotting Adventure', 'Quest', 'Action', 'Adventure']","['Paramount Pictures', 'Lucasfilm']",38 wins & 24 nominations total,['Won 4 Oscars']
59,Das Leben der Anderen,Florian Henckel von Donnersmarck,['Florian Henckel von Donnersmarck'],8.4,2006,2h 17m,A,"$2,000,000 (estimated)","$11,286,112","$77,672,685","$223,000",['German'],"['Germany', 'France']","['Political Thriller', 'Psychological Drama', 'Spy', 'Drama', 'Mystery', 'Thriller']","['Wiedemann & Berg Filmproduktion', 'Bayerischer Rundfunk (BR)', 'ARTE']",80 wins & 38 nominations total,['Won 1 Oscar']
60,Avengers: Infinity War,Anthony Russo,"['Christopher Markus', 'Stephen McFeely', 'Stan Lee']",8.4,2018,2h 29m,UA,"$321,000,000 (estimated)","$678,815,482","$2,052,415,039","$257,698,183",['English'],"['United States', 'Norway', 'IMAX 6-Track', 'Dolby Surround 7.1', 'Dolby Digital', 'Dolby Atmos', 'Sonics-DDP']","['Space Sci-Fi', 'Superhero', 'Action', 'Adventure', 'Sci-Fi']","['Marvel Studios', 'Jason Roberts Productions', 'South Pictures']",48 wins & 81 nominations total,['Nominated for 1 Oscar']
61,Sunset Blvd.,Billy Wilder,"['Charles Brackett', 'Billy Wilder', 'D.M. Marshman Jr.']",8.4,1950,1h 50m,Approved,"$1,752,000 (estimated)","$299,645","$309,467","$169,067",[],['United States'],"['Film Noir', 'Psychological Drama', 'Showbiz Drama', 'Tragedy', 'Drama']",[],19 wins & 20 nominations total,['Won 3 Oscars']
62,Spider-Man: Into the Spider-Verse,Bob Persichetti,"['Phil Lord', 'Rodney Rothman']",8.4,2018,1h 57m,U,"$90,000,000 (estimated)","$190,241,310","$393,602,435","$35,363,376","['English', 'Spanish']","['Canada', 'United States']","['Computer Animation', 'Superhero', 'Supernatural Fantasy', 'Teen Adventure', 'Urban Adventure', 'Action', 'Adventure', 'Animation', 'Comedy', 'Family']",[],85 wins & 61 nominations total,['Won 1 Oscar']
63,Paths of Glory,Stanley Kubrick,"['Stanley Kubrick', 'Calder Willingham', 'Jim Thompson']",8.4,1957,1h 28m,A,"$935,000 (estimated)","$8,290",,,[],['United States'],"['Epic', 'Psychological Drama', 'War Epic', 'Drama', 'War']",[],5 wins & 3 nominations total,['Nominated for 1 BAFTA Award']
64,Witness for the Prosecution,Billy Wilder,"['Agatha Christie', 'Billy Wilder', 'Harry Kurnitz']",8.4,1957,1h 56m,U,"$3,000,000 (estimated)","$7,903",,,[],['United States'],"['Legal Drama', 'Legal Thriller', 'Whodunnit', 'Crime', 'Drama', 'Mystery', 'Thriller']",[],3 wins & 15 nominations total,['Nominated for 6 Oscars']
65,12th Fail,Vidhu Vinod Chopra,"['Vidhu Vinod Chopra', 'Jaskunwar Kohli', 'Anurag Pathak']",8.8,2023,2h 26m,2h 27m,"$138,288",,,,['Hindi'],['India'],"['Docudrama', 'Biography', 'Drama']","['Vinod Chopra Films', 'Zee Studios']",27 wins & 37 nominations total,['Awards']
66,The Shining,Stanley Kubrick,"['Stephen King', 'Stanley Kubrick', 'Diane Johnson']",8.4,1980,2h 5m,A,"$19,000,000 (estimated)","$45,634,352","$47,962,534","$622,337",[],"['United Kingdom', 'United States']","['Psychological Drama', 'Psychological Horror', 'Supernatural Horror', 'Drama', 'Horror']",[],6 wins & 9 nominations total,['Awards']
67,The Great Dictator,Charles Chaplin,['Charles Chaplin'],8.4,1940,2h 17m,G,"$2,000,000 (estimated)","$972,212",,,"['English', 'Esperanto', 'Latin']",['United States'],"['Parody', 'Satire', 'Slapstick', 'Comedy', 'Drama', 'War']",['Charles Chaplin Productions'],7 wins & 6 nominations total,['Nominated for 5 Oscars']
68,Alien 2,James Cameron,"['James Cameron', 'David Giler', 'Walter Hill']",8.4,1986,2h 33m,U,"$18,500,000 (estimated)","$85,160,248","$131,060,248","$10,052,042","['English', 'Spanish']","['United Kingdom', 'United States']","['Alien Invasion', 'Cyberpunk', 'Space Sci-Fi', 'Tragedy', 'Action', 'Adventure', 'Sci-Fi', 'Thriller']","['Twentieth Century Fox', 'Brandywine Productions', 'Pinewood Studios']",20 wins & 25 nominations total,['Won 2 Oscars']
69,Inglourious Basterds,Quentin Tarantino,['Quentin Tarantino'],8.4,2009,2h 44m,A,"$70,000,000 (estimated)","$120,540,719","$321,460,744","$38,054,676","['English', 'German', 'French', 'Italian']","['United States', 'Germany']","['Dark Comedy', 'Period Drama', 'Adventure', 'Drama', 'War']","['Universal Pictures', 'The Weinstein Company', 'A Band Apart']",134 wins & 173 nominations total,['Won 1 Oscar']
70,The Dark Knight Rises,Christopher Nolan,"['Jonathan Nolan', 'Christopher Nolan', 'David S. Goyer']",8.4,2012,1h 45m,UA,"$250,000,000 (estimated)","$448,149,584","$1,114,976,407","$160,887,295","['English', 'Arabic']","['United States', 'United Kingdom']","['Action Epic', 'Epic', 'Superhero', 'Action', 'Drama', 'Thriller']","['Warner Bros.', 'Legendary Entertainment', 'DC Entertainment']",45 wins & 103 nominations total,['Nominated for 1 BAFTA Award']
71,Coco,Lee Unkrich,"['Lee Unkrich', 'Jason Katz', 'Matthew Aldrich']",8.4,2017,2h 40m,U,"$175,000,000 (estimated)","$210,460,015","$814,641,172","$50,802,605","['English', 'Spanish']","['United States', 'Mexico']","['Computer Animation', 'Supernatural Fantasy', 'Adventure', 'Animation', 'Drama', 'Family', 'Fantasy', 'Music', 'Mystery']","['Walt Disney Pictures', 'Pixar Animation Studios', 'Día de Muertos']",112 wins & 42 nominations total,['Won 2 Oscars']
72,Amadeus,Milos Forman,"['Peter Shaffer', 'Zdenek Mahler']",8.4,1984,1h 21m,PG,"$18,000,000 (estimated)","$51,973,029","$52,105,190","$505,276","['English', 'Italian', 'Latin', 'German', 'French']","['United States', 'France']","['Costume Drama', 'Epic', 'Period Drama', 'Tragedy', 'Biography', 'Drama', 'Music']","['The Saul Zaentz Company', 'AMLF']",43 wins & 15 nominations total,['Won 8 Oscars']
73,Toy Story,John Lasseter,"['John Lasseter', 'Pete Docter', 'Andrew Stanton']",8.3,1995,3h 1m,U,"$30,000,000 (estimated)","$223,225,679","$394,436,586","$29,140,617",['English'],"['United States', 'Dolby Stereo', 'Spectra-Stereo']","['Buddy Comedy', 'Computer Animation', 'Supernatural Fantasy', 'Urban Adventure', 'Adventure', 'Animation', 'Comedy', 'Family', 'Fantasy']","['Walt Disney Pictures', 'Pixar Animation Studios']",29 wins & 24 nominations total,['Nominated for 3 Oscars']
74,Avengers: Endgame,Anthony Russo,"['Christopher Markus', 'Stephen McFeely', 'Stan Lee']",8.4,2019,2h,UA,"$356,000,000 (estimated)","$858,373,000","$2,799,439,100","$357,115,007","['English', 'Japanese', 'Xhosa', 'German']","['United States', 'Dolby Atmos', 'Auro 11.1', 'Dolby Surround 7.1', 'Dolby Digital', 'Sonics-DDP', '12-Track Digital Sound', 'IMAX 6-Track']","['Space Sci-Fi', 'Superhero', 'Time Travel', 'Tragedy', 'Action', 'Adventure', 'Drama', 'Sci-Fi']",['Marvel Studios'],70 wins & 133 nominations total,['Nominated for 1 Oscar']
75,Oldeuboi,Park Chan-wook,"['Garon Tsuchiya', 'Nobuaki Minegishi', 'Park Chan-wook']",8.3,2003,1h 35m,R,"$3,000,000 (estimated)","$2,458,200","$17,592,355","$68,957",['Korean'],['South Korea'],"['Dark Comedy', 'One-Person Army Action', 'Psychological Drama', 'Psychological Thriller', 'Action', 'Drama', 'Mystery', 'Thriller']","['Show East', 'Egg Films']",43 wins & 28 nominations total,['Awards']
76,Dr. Strangelove or: How I Learned to Stop Worrying and Love the Bomb,Stanley Kubrick,"['Stanley Kubrick', 'Terry Southern', 'Peter George']",8.3,1964,2h 2m,PG,"$1,800,000 (estimated)","$9,440,272","$9,631,984","$11,751","['English', 'Russian']","['United Kingdom', 'United States']","['Dark Comedy', 'Farce', 'Political Drama', 'Satire', 'Tragedy', 'Comedy', 'War']",['Stanley Kubrick Productions'],14 wins & 11 nominations total,['Nominated for 4 Oscars']
77,American Beauty,Sam Mendes,['Alan Ball'],8.3,1999,2h 6m,UA,"$15,000,000 (estimated)","$130,096,601","$356,296,601","$861,531",['English'],"['United States', 'Color']","['Psychological Drama', 'Tragedy', 'Drama']","['Dreamworks Pictures', 'Jinks/Cohen Company']",112 wins & 102 nominations total,['Won 5 Oscars']
78,Good Will Hunting,Gus Van Sant,"['Matt Damon', 'Ben Affleck']",8.3,1997,2h 58m,U,"$10,000,000 (estimated)","$138,433,435","$225,933,435","$272,912",['English'],['United States'],"['Coming-of-Age', 'Psychological Drama', 'Drama', 'Romance']","['Miramax', 'Lawrence Bender Productions', 'Be Gentlemen Limited Partnership']",25 wins & 61 nominations total,['Won 2 Oscars']
79,Das Boot,Wolfgang Petersen,"['Wolfgang Petersen', 'Lothar G. Buchheim']",8.4,1981,2h 13m,2h 29m,"DEM 32,000,000 (estimated)","$11,487,676","$11,488,778","$26,994",['German'],['West Germany'],"['Epic', 'War Epic', 'Drama', 'War']","['Bavaria Film', 'Twin Bros. Productions', 'Radiant Film GmbH']",13 wins & 12 nominations total,['Nominated for 6 Oscars']
80,Braveheart,Mel Gibson,['Randall Wallace'],8.3,1995,1h 46m,A,"$72,000,000 (estimated)","$75,609,945","$213,216,216","$9,938,276","['English', 'French', 'Latin', 'Gaelic', 'Italian']",['United States'],"['Costume Drama', 'Epic', 'Period Drama', 'War Epic', 'Biography', 'Drama', 'War']","['Icon Entertainment International', 'The Ladd Company', 'B.H. Finance C.V.']",34 wins & 34 nominations total,['Won 5 Oscars']
81,Mononoke-hime,Hayao Miyazaki,['Hayao Miyazaki'],8.3,1997,2h 23m,U,"¥2,400,000,000 (estimated)","$4,845,631","$170,337,330","$144,446",['Japanese'],['Japan'],"['Action Epic', 'Adult Animation', 'Adventure Epic', 'Anime', 'Dark Fantasy', 'Fantasy Epic', 'Hand-Drawn Animation', 'Quest', 'Adventure', 'Animation']",[],14 wins & 6 nominations total,['Awards']
82,Kimi No Na Wa.,Makoto Shinkai,['Makoto Shinkai'],8.4,2016,2h 50m,U,"¥370,000,000 (estimated)","$5,017,246","$405,340,703","$1,813,781",['Japanese'],['Japan'],"['Anime', 'Shōjo', 'Animation', 'Drama', 'Fantasy', 'Romance']",[],17 wins & 27 nominations total,['Awards']
83,Tengoku to Jigoku,Akira Kurosawa,"['Hideo Oguni', 'Ryûzô Kikushima', 'Eijirô Hisaita']",8.4,1963,2h 2m,Not Rated,"¥230,000,000 (estimated)","$46,808","$64,215","$15,942",[],['Japan'],"['Police Procedural', 'Crime', 'Drama', 'Mystery', 'Thriller']",[],3 wins & 3 nominations total,['Awards']
84,3 Idiots,Rajkumar Hirani,"['Abhijat Joshi', 'Rajkumar Hirani', 'Vidhu Vinod Chopra']",8.4,2009,3h 49m,UA,"₹550,000,000 (estimated)","$6,532,874","$60,262,836","$1,645,502","['Hindi', 'English']",['India'],"['Coming-of-Age', 'Comedy', 'Drama']",['Vinod Chopra Productions'],64 wins & 30 nominations total,['Awards']
85,Joker,Todd Phillips,"['Todd Phillips', 'Scott Silver', 'Bob Kane']",8.3,2019,1h 43m,A,"$55,000,000 (estimated)","$335,477,657","$1,078,958,629","$96,202,337","['English', 'German']","['United States', 'Canada', 'Australia']","['Psychological Drama', 'Psychological Thriller', 'Tragedy', 'Crime', 'Drama', 'Thriller']","['Warner Bros.', 'Village Roadshow Pictures', 'BRON Studios']",121 wins & 247 nominations total,['Won 2 Oscars']
86,Once Upon a Time in America,Sergio Leone,"['Harry Grey', 'Leonardo Benvenuti', 'Piero De Bernardi']",8.3,1984,2h 6m,A,"$30,000,000 (estimated)","$5,321,508","$5,476,126","$2,412,014","['English', 'Italian', 'French', 'Yiddish', 'Hebrew']","['Italy', 'United States']","['Dark Comedy', 'Epic', 'Gangster', 'Period Drama', 'Crime', 'Drama']","['The Ladd Company', 'Warner Bros.', 'Producers Sales Organization (PSO)']",11 wins & 13 nominations total,['Won 2 BAFTA Awards']
87,Singin' in the Rain,Stanley Donen,"['Betty Comden', 'Adolph Green']",8.3,1952,2h 22m,G,"$2,540,800 (estimated)","$1,884,537","$2,093,659","$13,643",[],"['United States', 'Color']","['Classic Musical', 'Feel-Good Romance', 'Jukebox Musical', 'Romantic Comedy', 'Satire', 'Comedy', 'Musical', 'Romance']",[],8 wins & 9 nominations total,['Nominated for 2 Oscars']
88,Capharnaüm,Nadine Labaki,"['Nadine Labaki', 'Jihad Hojeily', 'Michelle Keserwany']",8.4,2018,1h 42m,A,"$4,000,000 (estimated)","$1,661,096","$64,417,003","$24,988","['Arabic', 'Amharic']","['Lebanon', 'United States', 'France', 'Cyprus', 'Qatar', 'United Kingdom']",['Drama'],"['Mooz Films', 'Cedrus Invest Bank', 'Sunnyland Film']",37 wins & 55 nominations total,['Nominated for 1 Oscar']
89,Idi I Smotri,Elem Klimov,"['Ales Adamovich', 'Elem Klimov']",8.3,1985,1h 43m,A,"$71,909","$16,053",,"Feb 23, 2020",[],['Soviet Union'],"['Epic', 'Period Drama', 'Tragedy', 'War Epic', 'Drama', 'Thriller', 'War']",[],3 wins total,['Awards']
90,Requiem for a Dream,Darren Aronofsky,"['Hubert Selby Jr.', 'Darren Aronofsky']",8.3,2000,2h 11m,A,"$4,500,000 (estimated)","$3,635,482","$7,390,108","$64,770",[],['United States'],"['Psychological Drama', 'Tragedy', 'Drama']",[],37 wins & 69 nominations total,['Nominated for 1 Oscar']
91,Toy Story 3,Lee Unkrich,"['John Lasseter', 'Andrew Stanton', 'Lee Unkrich']",8.3,2010,1h 55m,U,"$200,000,000 (estimated)","$415,004,880","$1,067,316,101","$110,307,189","['English', 'Spanish']",['United States'],"['Computer Animation', 'Supernatural Fantasy', 'Urban Adventure', 'Adventure', 'Animation', 'Comedy', 'Family', 'Fantasy']","['Walt Disney Pictures', 'Pixar Animation Studios']",63 wins & 96 nominations total,['Won 2 Oscars']
92,Star Wars: Episode VI - Return of the Jedi,Richard Marquand,"['Lawrence Kasdan', 'George Lucas']",8.3,1983,1h 48m,U,"$32,500,000 (estimated)","$316,566,101","$482,466,382","$23,019,618","['English', 'Kikuyu', 'Tagalog', 'Kalmyk-Oirat', 'Quechua', 'Polish']",['United States'],"['Action Epic', 'Adventure Epic', 'Dark Fantasy', 'Fantasy Epic', 'Globetrotting Adventure', 'Quest', 'Sci-Fi Epic', 'Space Sci-Fi', 'Sword & Sorcery', 'Action']",['Lucasfilm'],25 wins & 23 nominations total,['Nominated for 4 Oscars']
93,Jagten,Thomas Vinterberg,"['Thomas Vinterberg', 'Tobias Lindholm']",8.3,2012,2h 23m,7,"DKK 20,000,000 (estimated)","$613,308","$15,886,373","$43,045","['Danish', 'English', 'Polish']","['Denmark', 'Sweden', 'Belgium', 'France']","['Psychological Drama', 'Tragedy', 'Drama']","['Zentropa Entertainments', 'Film i Väst', 'Zentropa International Sweden']",38 wins & 73 nominations total,['Nominated for 1 Oscar']
94,Eternal Sunshine of the Spotless Mind,Michel Gondry,"['Charlie Kaufman', 'Michel Gondry', 'Pierre Bismuth']",8.3,2004,2h 29m,UA,"$20,000,000 (estimated)","$34,400,301","$73,363,931","$8,175,198",['English'],['United States'],"['Dark Romance', 'Psychological Drama', 'Drama', 'Romance', 'Sci-Fi']","['Focus Features', 'Anonymous Content', 'This Is That Productions']",73 wins & 111 nominations total,['Won 1 Oscar']
95,Ikiru,Akira Kurosawa,"['Akira Kurosawa', 'Shinobu Hashimoto', 'Hideo Oguni']",8.3,1952,1h 39m,U,"$60,239","$2,149",,"Dec 29, 2002",[],['Japan'],"['Psychological Drama', 'Tragedy', 'Drama']",[],6 wins & 2 nominations total,['Nominated for 1 BAFTA Award']
96,2001: A Space Odyssey,Stanley Kubrick,"['Stanley Kubrick', 'Arthur C. Clarke']",8.3,1968,2h 5m,U,"$12,000,000 (estimated)","$60,481,243","$66,781,817","$202,759","['English', 'Russian', 'French']","['United Kingdom', 'United States']","['Adventure Epic', 'Artificial Intelligence', 'Epic', 'Psychological Drama', 'Sci-Fi Epic', 'Space Sci-Fi', 'Adventure', 'Sci-Fi']","['Metro-Goldwyn-Mayer (MGM)', 'Stanley Kubrick Productions']",18 wins & 14 nominations total,['Won 1 Oscar']
97,Reservoir Dogs,Quentin Tarantino,"['Quentin Tarantino', 'Roger Avary']",8.3,1992,3h 47m,15+,"$1,200,000 (estimated)","$2,832,029","$2,932,006","$147,839",['English'],['United States'],"['Gangster', 'Heist', 'Crime', 'Thriller']","['Live Entertainment', 'Dog Eat Dog Productions Inc.']",13 wins & 23 nominations total,['Awards']
98,The Apartment,Billy Wilder,"['Billy Wilder', 'I.A.L. Diamond']",8.3,1960,2h 11m,U,"$3,000,000 (estimated)","$18,600,000",,"$18,778,738",[],['United States'],"['Farce', 'Holiday Comedy', 'Holiday Romance', 'Romantic Comedy', 'Comedy', 'Drama', 'Holiday', 'Romance']",[],25 wins & 8 nominations total,['Won 5 Oscars']
99,Lawrence of Arabia,David Lean,"['Robert Bolt', 'Michael Wilson']",8.3,1962,2h 50m,U,"$15,000,000 (estimated)","$45,306,425","$45,764,288","$20,846","['English', 'Arabic', 'Turkish']","['United Kingdom', 'United States']","['Adventure Epic', 'Desert Adventure', 'Epic', 'War Epic', 'Adventure', 'Biography', 'Drama', 'War']",['Horizon Pictures (II)'],31 wins & 14 nominations total,['Won 7 Oscars']
100,Incendies,Denis Villeneuve,"['Wajdi Mouawad', 'Denis Villeneuve', 'Valérie Beaugrand-Champagne']",8.3,2010,1h 47m,18,"$6,800,000 (estimated)","$2,071,334","$6,797,861","$50,679","['French', 'Arabic', 'English']","['Canada', 'France']","['Suspense Mystery', 'Drama', 'Mystery', 'War']","['micro_scope', 'TS Productions', 'Phi Group']",41 wins & 20 nominations total,['Nominated for 1 Oscar']
101,Scarface,Brian De Palma,"['Oliver Stone', 'Howard Hawks', 'Ben Hecht']",8.3,1983,2h 16m,R,"$50,000,000 (estimated)","$45,967,303","$66,443,303","$4,597,536","['English', 'Spanish']",['United States'],"['Drug Crime', 'Epic', 'Gangster', 'Tragedy', 'Crime', 'Drama']","['Universal Pictures', 'Martin Bregman Productions']",8 nominations total,['Awards']
102,Double Indemnity,Billy Wilder,"['Billy Wilder', 'Raymond Chandler', 'James M. Cain']",8.3,1944,2h 50m,Approved,"$927,262 (estimated)","$19,543",,,['English'],['United States'],"['Film Noir', 'Hard-boiled Detective', 'Crime', 'Drama', 'Mystery', 'Thriller']",['Paramount Pictures'],2 wins & 9 nominations total,['Nominated for 7 Oscars']
103,North by Northwest,Alfred Hitchcock,"['Ernest Lehman', 'Gerald Devriès']",8.3,1959,1h 59m,U,"$3,101,000 (estimated)","$66,728",,"$192,323",[],['United States'],"['Spy', 'Adventure', 'Drama', 'Mystery', 'Thriller']",[],9 wins & 7 nominations total,['Nominated for 3 Oscars']
104,Heat,Michael Mann,['Michael Mann'],8.3,1995,1h 57m,A,"$60,000,000 (estimated)","$67,436,818","$187,436,818","$8,445,656","['English', 'Spanish']",['United States'],"['Action Epic', 'Cop Drama', 'Epic', 'Gangster', 'Heist', 'Action', 'Crime', 'Drama']","['Warner Bros.', 'New Regency Productions', 'Forward Pass']",15 nominations total,['Awards']
105,Citizen Kane,Orson Welles,"['Herman J. Mankiewicz', 'Orson Welles', 'John Houseman']",8.3,1941,1h 36m,UA,"$839,727 (estimated)","$1,627,530",,"$1,707,754","['English', 'Italian']",['United States'],"['Epic', 'Period Drama', 'Tragedy', 'Drama', 'Mystery']","['RKO Radio Pictures', 'Mercury Productions']",11 wins & 13 nominations total,['Won 1 Oscar']
106,M - Eine Stadt sucht einen Mörder,Fritz Lang,"['Thea von Harbou', 'Fritz Lang', 'Egon Jacobsohn']",8.3,1931,1h 56m,Passed,"$35,566","$6,123",,"Mar 17, 2013",[],['Germany'],"['Psychological Thriller', 'Serial Killer', 'Suspense Mystery', 'Crime', 'Mystery', 'Thriller']",[],2 wins total,['Awards']
107,Up,Pete Docter,"['Pete Docter', 'Bob Peterson', 'Tom McCarthy']",8.3,2009,2h 8m,U,"$175,000,000 (estimated)","$293,004,164","$735,102,136","$68,108,790",['English'],['United States'],"['Coming-of-Age', 'Computer Animation', 'Globetrotting Adventure', 'Adventure', 'Animation', 'Comedy', 'Drama', 'Family']","['Walt Disney Pictures', 'Pixar Animation Studios']",81 wins & 88 nominations total,['Won 2 Oscars']
108,Full Metal Jacket,Stanley Kubrick,"['Stanley Kubrick', 'Michael Herr', 'Gustav Hasford']",8.2,1987,2h 2m,UA,"$30,000,000 (estimated)","$46,357,676","$50,193,748","$2,217,307",[],"['United Kingdom', 'United States']","['Dark Comedy', 'Period Drama', 'Drama', 'War']",[],8 wins & 15 nominations total,['Nominated for 1 Oscar']
109,Vertigo,Alfred Hitchcock,"['Alec Coppel', 'Samuel A. Taylor', 'Pierre Boileau']",8.3,1958,3h,A,"$2,479,000 (estimated)","$7,863,310","$7,967,183","$252,880",['English'],['United States'],"['Psychological Thriller', 'Mystery', 'Romance', 'Thriller']",['Alfred J. Hitchcock Productions'],9 wins & 7 nominations total,['Nominated for 2 Oscars']
110,Le fabuleux destin d'Amélie Poulain,Jean-Pierre Jeunet,"['Guillaume Laurant', 'Jean-Pierre Jeunet']",8.3,2001,2h 16m,U,"$10,000,000 (estimated)","$33,712,444","$175,183,052","$136,470","['French', 'Russian', 'English']","['France', 'Germany', 'Color']","['Feel-Good Romance', 'Quirky Comedy', 'Romantic Comedy', 'Comedy', 'Romance']","['Claudie Ossard Productions', 'Union Générale Cinématographique (UGC)', 'Victoires Productions']",59 wins & 74 nominations total,['Nominated for 5 Oscars']
111,Oppenheimer,Christopher Nolan,"['Christopher Nolan', 'Kai Bird', 'Martin Sherwin']",8.3,2023,2h 9m,R,"$100,000,000 (estimated)","$329,862,540","$975,594,978","$82,455,420","['English', 'German', 'Italian', 'Dutch']","['United States', 'United Kingdom', 'Color']","['Docudrama', 'Epic', 'Historical Epic', 'Period Drama', 'Psychological Drama', 'Biography', 'Drama', 'History']","['Universal Pictures', 'Atlas Entertainment', 'Gadget Films']",355 wins & 369 nominations total,['Won 7 Oscars']
112,A Clockwork Orange,Stanley Kubrick,"['Stanley Kubrick', 'Anthony Burgess']",8.2,1971,2h 3m,A,"$2,200,000 (estimated)","$26,617,553",,"$27,034,174",[],"['United Kingdom', 'United States', 'Color']","['Dark Comedy', 'Dystopian Sci-Fi', 'Crime', 'Sci-Fi']",[],12 wins & 26 nominations total,['Nominated for 4 Oscars']
113,To Kill a Mockingbird,Robert Mulligan,"['Harper Lee', 'Horton Foote']",8.3,1962,2h 12m,U,"$2,000,000 (estimated)","$592,237","$599,934","$357,549",['English'],['United States'],"['Legal Drama', 'Period Drama', 'Crime', 'Drama']","['Pakula-Mulligan', 'Brentwood Productions']",14 wins & 16 nominations total,['Won 3 Oscars']
114,Jodaeiye Nader Az Simin,Asghar Farhadi,['Asghar Farhadi'],8.3,2011,2h 9m,7,"$500,000 (estimated)","$7,099,055","$22,926,076","$59,481",['Persian'],"['Iran', 'France', 'Australia']","['Legal Drama', 'Psychological Drama', 'Drama']","['Asghar Farhadi Productions', 'Dreamlab Films', 'MPA APSA Academy Film Fund']",88 wins & 52 nominations total,['Won 1 Oscar']
115,Die Hard,John McTiernan,"['Roderick Thorp', 'Jeb Stuart', 'Steven E. de Souza']",8.2,1988,2h 42m,A,"$28,000,000 (estimated)","$85,892,546","$143,651,650","$601,851","['English', 'German', 'Italian', 'Japanese']",['United States'],"['Disaster', 'One-Person Army Action', 'Action', 'Holiday', 'Thriller']","['Twentieth Century Fox', 'Gordon Company', 'Silver Pictures']",8 wins & 8 nominations total,['Nominated for 4 Oscars']
116,The Sting,George Roy Hill,['David S. Ward'],8.3,1973,2h 7m,U,"$5,500,000 (estimated)","$156,000,000",,"$156,000,000",[],['United States'],"['Caper', 'Comedy', 'Crime', 'Drama']",[],18 wins & 6 nominations total,['Won 7 Oscars']
117,Taare Zameen Par,Aamir Khan,['Amole Gupte'],8.3,2007,2h 33m,U,"$1,223,869","$352,568",,"Dec 23, 2007","['Hindi', 'English']",['India'],"['Drama', 'Family']","['Aamir Khan Productions', 'PVR Pictures']",28 wins & 18 nominations total,['Awards']
118,Indiana Jones and the Last Crusade,Steven Spielberg,"['Jeffrey Boam', 'George Lucas', 'Menno Meyjes']",8.2,1989,1h 44m,U,"$48,000,000 (estimated)","$197,171,806","$474,171,806","$29,355,021","['English', 'German', 'Greek', 'Latin', 'Italian']",['United States'],"['Adventure Epic', 'Desert Adventure', 'Globetrotting Adventure', 'Quest', 'Action', 'Adventure']","['Paramount Pictures', 'Lucasfilm']",9 wins & 24 nominations total,['Won 1 Oscar']
119,Metropolis,Fritz Lang,"['Thea von Harbou', 'Fritz Lang']",8.3,1927,1h 59m,Not Rated,"DEM 6,000,000 (estimated)","$1,236,166","$1,350,322","$19,386","['German', 'English']",['Germany'],"['Dystopian Sci-Fi', 'Epic', 'Sci-Fi Epic', 'Steampunk', 'Drama', 'Sci-Fi']",['Universum Film (UFA)'],7 wins & 6 nominations total,['Awards']
120,Snatch,Guy Ritchie,['Guy Ritchie'],8.2,2000,2h 18m,UA,"£6,000,000 (estimated)","$30,328,156","$83,557,872","$27,932","['English', 'Russian']","['United Kingdom', 'United States']","['Caper', 'Dark Comedy', 'Gangster', 'Comedy', 'Crime']","['Screen Gems', 'SKA Films']",4 wins & 7 nominations total,['Awards']
121,1917,Sam Mendes,"['Sam Mendes', 'Krysty Wilson-Cairns']",8.2,2019,1h 29m,R,"$95,000,000 (estimated)","$159,227,644","$446,064,352","$576,216","['English', 'French', 'German']","['United Kingdom', 'United States', 'India', 'Spain', 'Canada']","['Epic', 'Period Drama', 'War Epic', 'Action', 'Drama', 'War']","['Dreamworks Pictures', 'Reliance Entertainment', 'New Republic Pictures']",135 wins & 207 nominations total,['Won 3 Oscars']
122,L.A. Confidential,Curtis Hanson,"['James Ellroy', 'Brian Helgeland', 'Curtis Hanson']",8.2,1997,2h 36m,A,"$35,000,000 (estimated)","$64,616,940","$126,216,940","$5,211,198",['English'],['United States'],"['Conspiracy Thriller', 'Cop Drama', 'Hard-boiled Detective', 'Period Drama', 'Police Procedural', 'Suspense Mystery', 'Whodunnit', 'Crime', 'Drama', 'Mystery']","['Regency Enterprises', 'New Regency Productions', 'The Wolper Organization']",91 wins & 86 nominations total,['Won 2 Oscars']
123,Ladri Di Biciclette,Vittorio De Sica,"['Cesare Zavattini', 'Luigi Bartolini', 'Oreste Biancoli']",8.3,1948,2h 41m,U,"$133,000 (estimated)","$371,111","$451,336","$25,377",[],['Italy'],"['Tragedy', 'Drama']",[],18 wins & 1 nomination total,['Nominated for 1 Oscar']
124,Der Untergang,Oliver Hirschbiegel,"['Bernd Eichinger', 'Joachim Fest', 'Traudl Junge']",8.2,2004,1h 54m,UA,"€13,500,000 (estimated)","$5,509,040","$92,181,574","$18,195",[],"['Germany', 'Austria', 'Italy']","['Docudrama', 'Political Drama', 'Tragedy', 'Biography', 'Drama', 'History', 'War']",[],22 wins & 34 nominations total,['Nominated for 1 Oscar']
125,Dangal,Nitesh Tiwari,"['Piyush Gupta', 'Shreyas Jain', 'Nikhil Mehrotra']",8.3,2016,2h 40m,U,"₹700,000,000 (estimated)","$12,391,761","$303,726,694","$3,248,481","['Hindi', 'English']","['India', 'United States']","['Action', 'Biography', 'Drama', 'Sport']","['Aamir Khan Productions', 'UTV Motion Pictures', 'Walt Disney Pictures']",41 wins & 38 nominations total,['Awards']
126,Taxi Driver,Martin Scorsese,['Paul Schrader'],8.2,1976,3h,A,"$1,300,000 (estimated)","$28,262,574","$28,580,862","$116,458",[],['United States'],"['Psychological Drama', 'Crime', 'Drama']",[],22 wins & 21 nominations total,['Nominated for 4 Oscars']
127,Hamilton,Thomas Kail,"['Lin-Manuel Miranda', 'Ron Chernow']",8.3,2020,2h 20m,12+,,,,,"['English', 'French']",['United States'],"['Epic', 'Biography', 'Drama', 'History', 'Musical']","['Walt Disney Pictures', '5000 Broadway Productions', 'Nevis Productions']",19 wins & 46 nominations total,['Won 2 Primetime Emmys']
128,The Wolf of Wall Street,Martin Scorsese,"['Terence Winter', 'Jordan Belfort']",8.2,2013,2h 10m,A,"$100,000,000 (estimated)","$116,900,694","$407,039,432","$18,361,578","['English', 'French']",['United States'],"['Dark Comedy', 'Docudrama', 'Epic', 'Raunchy Comedy', 'Satire', 'True Crime', 'Biography', 'Comedy', 'Crime', 'Drama']","['Red Granite Pictures', 'Appian Way', 'Sikelia Productions']",37 wins & 179 nominations total,['Nominated for 5 Oscars']
129,Batman Begins,Christopher Nolan,"['Bob Kane', 'David S. Goyer', 'Christopher Nolan']",8.2,2005,2h 12m,UA,"$150,000,000 (estimated)","$206,863,479","$375,406,308","$48,745,440","['English', 'Mandarin']","['United States', 'United Kingdom', 'DTS', 'Dolby Digital']","['Action Epic', 'Epic', 'Superhero', 'Tragedy', 'Action', 'Drama']","['Warner Bros.', 'Syncopy', 'DC Comics']",15 wins & 79 nominations total,['Nominated for 1 Oscar']
130,Green Book,Peter Farrelly,"['Nick Vallelonga', 'Brian Hayes Currie', 'Peter Farrelly']",8.2,2018,2h 1m,UA,"$23,000,000 (estimated)","$85,080,171","$321,752,656","$320,429","['English', 'Italian', 'Russian', 'German']","['United States', 'China']","['Docudrama', 'Period Drama', 'Road Trip', 'Biography', 'Comedy', 'Drama', 'Music']","['Participant', 'Dreamworks Pictures', 'Innisfree Pictures']",58 wins & 123 nominations total,['Won 3 Oscars']
131,Per qualche dollaro in più,Sergio Leone,"['Sergio Leone', 'Fulvio Morsella', 'Luciano Vincenzoni']",8.2,1965,1h 43m,U,"$600,000 (estimated)","$15,000,000",,"$15,000,000",[],"['Italy', 'Spain', 'West Germany']","['One-Person Army Action', 'Spaghetti Western', 'Drama', 'Western']",[],3 nominations total,['Awards']
132,Some Like It Hot,Billy Wilder,"['Billy Wilder', 'I.A.L. Diamond', 'Robert Thoeren']",8.2,1959,2h 59m,U,"$2,883,848 (estimated)","$208,786",,,[],['United States'],"['Buddy Comedy', 'Farce', 'Satire', 'Screwball Comedy', 'Comedy', 'Music', 'Romance']",[],11 wins & 13 nominations total,['Won 1 Oscar']
133,The Truman Show,Peter Weir,['Andrew Niccol'],8.2,1998,1h 8m,U,"$60,000,000 (estimated)","$125,618,201","$264,118,712","$31,542,121",['English'],['United States'],"['Dark Comedy', 'High-Concept Comedy', 'Psychological Drama', 'Satire', 'Showbiz Drama', 'Comedy', 'Drama']","['Paramount Pictures', 'Scott Rudin Productions']",41 wins & 69 nominations total,['Nominated for 3 Oscars']
134,Judgment at Nuremberg,Stanley Kramer,"['Abby Mann', 'Montgomery Clift', 'Charles Dorat']",8.3,1961,1h 37m,A,"$3,000,000 (estimated)","$12,180",,,[],['United States'],"['Legal Drama', 'Drama', 'War']",[],16 wins & 26 nominations total,['Won 2 Oscars']
135,The Kid,Charles Chaplin,['Charles Chaplin'],8.2,1921,2h 18m,Passed,"$250,000 (estimated)","$41,979",,,"['None', 'English']",['United States'],"['Buddy Comedy', 'Slapstick', 'Comedy', 'Drama', 'Family']",['Charles Chaplin Productions'],2 wins total,['Awards']
136,The Father,Florian Zeller,"['Christopher Hampton', 'Florian Zeller']",8.2,2020,2h 18m,UA,"$6,000,000 (estimated)","$2,122,771",,"$24,048,935",['English'],"['United Kingdom', 'France', 'United States']","['Psychological Drama', 'Drama', 'Mystery']","['Les Films du Cru', 'Film4', 'Orange Studio']",37 wins & 169 nominations total,['Won 2 Oscars']
137,Shutter Island,Martin Scorsese,"['Laeta Kalogridis', 'Dennis Lehane']",8.2,2010,2h 38m,A,"$80,000,000 (estimated)","$128,012,934","$294,954,246","$41,062,440","['English', 'German']",['United States'],"['Psychological Thriller', 'Suspense Mystery', 'Drama', 'Mystery', 'Thriller']","['Paramount Pictures', 'Phoenix Pictures', 'Sikelia Productions']",11 wins & 66 nominations total,['Awards']
138,All About Eve,Joseph L. Mankiewicz,"['Joseph L. Mankiewicz', 'Mary Orr']",8.2,1950,2h 7m,Approved,"$1,400,000 (estimated)","$63,463","$154,736","$10,177",[],['United States'],"['Showbiz Drama', 'Drama']",[],27 wins & 20 nominations total,['Won 6 Oscars']
139,There Will Be Blood,Paul Thomas Anderson,"['Paul Thomas Anderson', 'Upton Sinclair']",8.2,2007,2h 58m,A,"$25,000,000 (estimated)","$40,222,514","$76,430,381","$190,739","['English', 'American Sign Language']",['United States'],"['Epic', 'Period Drama', 'Psychological Drama', 'Tragedy', 'Drama']","['Paramount Vantage', 'Miramax', 'Ghoulardi Film Company']",114 wins & 138 nominations total,['Won 2 Oscars']
140,Jurassic Park,Steven Spielberg,"['Michael Crichton', 'David Koepp']",8.2,1993,1h 47m,UA,"$63,000,000 (estimated)","$407,185,075","$1,104,379,926","$47,026,828","['English', 'Spanish']",['United States'],"['Dinosaur Adventure', 'Jungle Adventure', 'Action', 'Adventure', 'Sci-Fi', 'Thriller']","['Universal Pictures', 'Amblin Entertainment']",44 wins & 27 nominations total,['Won 3 Oscars']
141,Casino,Martin Scorsese,"['Nicholas Pileggi', 'Martin Scorsese']",8.2,1995,2h 40m,A,"$52,000,000 (estimated)","$42,512,375","$116,112,375","$9,946,480",['English'],"['United States', 'France']","['Docudrama', 'Epic', 'Gangster', 'True Crime', 'Crime', 'Drama']","['Universal Pictures', 'Syalis DA', 'Légende Entreprises']",4 wins & 11 nominations total,['Nominated for 1 Oscar']
142,The Sixth Sense,M. Night Shyamalan,['M. Night Shyamalan'],8.2,1999,2h 10m,A,"$40,000,000 (estimated)","$293,506,292","$672,806,432","$26,681,262","['English', 'Latin', 'Spanish']",['United States'],"['Psychological Drama', 'Psychological Thriller', 'Suspense Mystery', 'Drama', 'Mystery', 'Thriller']","['Hollywood Pictures', 'Spyglass Entertainment', 'The Kennedy/Marshall Company']",37 wins & 56 nominations total,['Nominated for 6 Oscars']
143,Ran,Akira Kurosawa,"['Akira Kurosawa', 'Hideo Oguni', 'Masato Ide']",8.2,1985,2h 2m,Not Rated,"$11,500,000 (estimated)","$4,135,750","$4,172,871","$3,567",[],"['Japan', 'France']","['Epic', 'Samurai', 'Tragedy', 'War Epic', 'Action', 'Drama', 'War']",[],30 wins & 23 nominations total,['Won 1 Oscar']
144,Top Gun: Maverick,Joseph Kosinski,"['Jim Cash', 'Jack Epps Jr.', 'Peter Craig']",8.2,2022,1h 49m,UA,"$170,000,000 (estimated)","$718,732,821","$1,495,696,292","$126,707,459",['English'],['United States'],"['Action Epic', 'Epic', 'Action', 'Drama']","['Paramount Pictures', 'Skydance Media', 'Jerry Bruckheimer Films']",110 wins & 238 nominations total,['Won 1 Oscar']
145,No Country for Old Men,Ethan Coen,"['Joel Coen', 'Ethan Coen', 'Cormac McCarthy']",8.2,2007,1h 58m,18,"$25,000,000 (estimated)","$74,283,625","$171,632,777","$1,202,000","['English', 'Spanish']",['United States'],"['Contemporary Western', 'Serial Killer', 'Crime', 'Drama', 'Thriller']","['Paramount Vantage', 'Miramax', 'Scott Rudin Productions']",165 wins & 139 nominations total,['Won 4 Oscars']
146,The Thing,John Carpenter,"['Bill Lancaster', 'John W. Campbell Jr.']",8.2,1982,2h 10m,A,"$15,000,000 (estimated)","$20,063,820","$20,836,881","$3,107,897",[],"['United States', 'Canada']","['Alien Invasion', 'Body Horror', 'Monster Horror', 'Supernatural Horror', 'Tragedy', 'Horror', 'Mystery', 'Sci-Fi']",[],5 nominations total,['Awards']
147,El Laberinto Del Fauno,Guillermo del Toro,['Guillermo del Toro'],8.2,2006,2h 15m,R,"$19,000,000 (estimated)","$37,646,380","$83,863,565","$568,641",['Spanish'],"['Mexico', 'Spain']","['Coming-of-Age', 'Dark Fantasy', 'Fairy Tale', 'Period Drama', 'Supernatural Fantasy', 'Teen Fantasy', 'Tragedy', 'Drama', 'Fantasy', 'War']","['Tequila Gang', 'Estudios Picasso', 'Esperanto Filmoj']",109 wins & 115 nominations total,['Won 3 Oscars']
148,Unforgiven,Clint Eastwood,['David Webb Peoples'],8.2,1992,1h 51m,A,"$14,400,000 (estimated)","$101,167,799","$159,167,799","$15,018,007",['English'],['United States'],"['Period Drama', 'Tragedy', 'Drama', 'Western']","['Warner Bros.', 'Malpaso Productions']",52 wins & 47 nominations total,['Won 4 Oscars']
149,A Beautiful Mind,Ron Howard,"['Akiva Goldsman', 'Sylvia Nasar']",8.2,2001,2h 6m,UA,"$58,000,000 (estimated)","$170,742,341","$316,791,257","$367,151",['English'],['United States'],"['Docudrama', 'Period Drama', 'Psychological Drama', 'Biography', 'Drama', 'Mystery']","['Universal Pictures', 'Dreamworks Pictures', 'Imagine Entertainment']",37 wins & 69 nominations total,['Won 4 Oscars']
150,Kill Bill: Vol. 1,Quentin Tarantino,"['Quentin Tarantino', 'Uma Thurman']",8.2,2003,1h 50m,A,"$30,000,000 (estimated)","$70,099,045","$180,908,413","$22,200,000","['English', 'Japanese', 'French']","['United States', 'China', 'Color']","['Martial Arts', 'One-Person Army Action', 'Action', 'Crime', 'Thriller']","['Miramax', 'A Band Apart', 'Super Cool ManChu']",30 wins & 103 nominations total,['Nominated for 5 BAFTA Awards']
151,The Treasure of the Sierra Madre,John Huston,"['John Huston', 'B. Traven', 'Charles Dorat']",8.2,1948,2h 33m,Approved,"$3,000,000 (estimated)","$5,014,000","$5,014,000","$144,074",[],['United States'],"['Tragedy', 'Adventure', 'Drama', 'Western']",[],15 wins & 5 nominations total,['Won 3 Oscars']
152,Yojimbo,Akira Kurosawa,"['Akira Kurosawa', 'Ryûzô Kikushima']",8.2,1961,1h 40m,U,"$46,808","$15,942",,"Jul 28, 2002",[],['Japan'],"['One-Person Army Action', 'Period Drama', 'Samurai', 'Action', 'Drama', 'Thriller']",[],5 wins & 2 nominations total,['Nominated for 1 Oscar']
153,Prisoners,Denis Villeneuve,['Aaron Guzikowski'],8.2,2013,2h 52m,A,"$46,000,000 (estimated)","$61,002,302","$122,127,446","$20,817,053",['English'],"['United States', 'SDDS', 'Datasat', 'Dolby Digital', 'Dolby Surround 7.1']","['Psychological Thriller', 'Suspense Mystery', 'Crime', 'Drama', 'Mystery', 'Thriller']","['Alcon Entertainment', '8:38 Productions', 'Madhouse Entertainment']",10 wins & 38 nominations total,['Nominated for 1 Oscar']
154,Finding Nemo,Andrew Stanton,"['Andrew Stanton', 'Bob Peterson', 'David Reynolds']",8.2,2003,1h 31m,U,"$94,000,000 (estimated)","$380,843,261","$941,637,960","$70,251,710","['English', 'Japanese', 'Russian']","['United States', 'Japan']","['Animal Adventure', 'Buddy Comedy', 'Computer Animation', 'Quest', 'Sea Adventure', 'Adventure', 'Animation', 'Comedy', 'Family']","['Walt Disney Pictures', 'Pixar Animation Studios']",49 wins & 63 nominations total,['Won 1 Oscar']
155,The Great Escape,John Sturges,"['Paul Brickhill', 'James Clavell', 'W.R. Burnett']",8.2,1963,1h 59m,U,"$4,000,000 (estimated)","$230,637",,,[],['United States'],"['Period Drama', 'Prison Drama', 'War Epic', 'Adventure', 'Drama', 'Thriller', 'War']",[],3 wins & 12 nominations total,['Nominated for 1 Oscar']
156,Monty Python and the Holy Grail,Terry Gilliam,"['Graham Chapman', 'John Cleese', 'Eric Idle']",8.2,1975,2h 4m,U,"£229,575 (estimated)","$2,562,392","$2,817,496","$45,487",[],['United Kingdom'],"['Parody', 'Quest', 'Satire', 'Sketch Comedy', 'Slapstick', 'Sword & Sorcery', 'Adventure', 'Comedy', 'Fantasy']",[],2 wins & 2 nominations total,['Awards']
157,Howl's Moving Castle,Hayao Miyazaki,"['Hayao Miyazaki', 'Diana Wynne Jones']",8.2,2004,1h 42m,U,"$24,000,000 (estimated)","$9,173,958","$240,814,885","$427,987",['Japanese'],"['Japan', 'United States']","['Adventure Epic', 'Anime', 'Hand-Drawn Animation', 'Supernatural Fantasy', 'Adventure', 'Animation', 'Family', 'Fantasy']",[],14 wins & 20 nominations total,['Nominated for 1 Oscar']
158,The Elephant Man,David Lynch,"['Christopher De Vore', 'Eric Bergren', 'David Lynch']",8.2,1980,1h 45m,UA,"$5,000,000 (estimated)","$26,010,864",,"$26,028,672",[],"['United States', 'United Kingdom']","['Docudrama', 'Period Drama', 'Tragedy', 'Biography', 'Drama']",[],11 wins & 22 nominations total,['Nominated for 8 Oscars']
159,The Wild Robot,Chris Sanders,"['Chris Sanders', 'Peter Brown']",8.2,2024,1h 28m,PG,"$78,000,000 (estimated)","$143,891,790","$325,000,790","$35,790,150","['English', 'German', 'French', 'Spanish', 'Swahili', 'Japanese']","['United States', 'Japan', 'Dolby Digital', 'DTS:X']","['Computer Animation', 'Survival', 'Animation', 'Sci-Fi']",[],48 wins & 106 nominations total,['Nominated for 3 Oscars']
160,Dial M for Murder,Alfred Hitchcock,"['Frederick Knott', 'Charles Dorat']",8.2,1954,3h 58m,A,"$1,400,000 (estimated)","$24,845","$45,313","$12,562",[],['United States'],"['Crime', 'Thriller']",[],5 wins & 3 nominations total,['Nominated for 1 BAFTA Award']
161,Rashōmon,Akira Kurosawa,"['Ryûnosuke Akutagawa', 'Akira Kurosawa', 'Shinobu Hashimoto']",8.2,1950,2h 10m,U,"$250,000 (estimated)","$46,808","$139,757","$15,942",[],['Japan'],"['Period Drama', 'Crime', 'Drama', 'Mystery']",[],9 wins & 5 nominations total,['Nominated for 1 Oscar']
162,Gone with the Wind,Victor Fleming,"['Margaret Mitchell', 'Sidney Howard', 'Oliver H.P. Garrett']",8.2,1939,2h 9m,U,"$3,977,000 (estimated)","$200,882,193","$402,382,193","$1,192,593",[],"['United States', 'Magnaphone Western Electric']","['Costume Drama', 'Epic', 'Period Drama', 'Romantic Epic', 'Tragic Romance', 'War Epic', 'Drama', 'Romance', 'War']",[],21 wins & 9 nominations total,['Won 8 Oscars']
163,Chinatown,Roman Polanski,"['Robert Towne', 'Roman Polanski']",8.1,1974,1h 47m,UA,"$6,000,000 (estimated)","$29,200,000",,"$29,231,954",[],['United States'],"['Conspiracy Thriller', 'Hard-boiled Detective', 'Psychological Drama', 'Psychological Thriller', 'Tragedy', 'Drama', 'Mystery', 'Thriller']",[],21 wins & 24 nominations total,['Won 1 Oscar']
164,El Secreto De Sus Ojos,Juan José Campanella,"['Eduardo Sacheri', 'Juan José Campanella']",8.2,2009,1h 36m,R,"$2,000,000 (estimated)","$6,391,436","$35,079,650","$167,866",[],"['Argentina', 'Spain']","['Dark Romance', 'Erotic Thriller', 'Legal Thriller', 'Period Drama', 'Psychological Drama', 'Psychological Thriller', 'Suspense Mystery', 'Tragedy', 'Whodunnit', 'Drama']",[],53 wins & 43 nominations total,['Won 1 Oscar']
165,"Lock, Stock and Two Smoking Barrels",Guy Ritchie,['Guy Ritchie'],8.1,1998,2h 12m,A,"£960,000 (estimated)","$3,753,929","$3,753,929","$143,321",['English'],"['United Kingdom', 'United States']","['Farce', 'Comedy', 'Crime']","['The Steve Tisch Company', 'SKA Films']",13 wins & 9 nominations total,['Won 1 BAFTA Award']
166,Klaus,Sergio Pablos,"['Sergio Pablos', 'Jim Mahoney', 'Zach Lewis']",8.2,2019,1h 35m,7,"$40,000,000 (estimated)",,,,"['English', 'Saami']","['Spain', 'United Kingdom', 'United States', 'Austria', 'Canada', 'France']","['Hand-Drawn Animation', 'Holiday Animation', 'Holiday Comedy', 'Holiday Family', 'Adventure', 'Animation', 'Comedy', 'Family', 'Fantasy', 'Holiday']",[],11 wins & 27 nominations total,['Nominated for 1 Oscar']
167,V for Vendetta,James McTeigue,"['Lilly Wachowski', 'Lana Wachowski', 'David Lloyd']",8.1,2005,1h 55m,UA,"$54,000,000 (estimated)","$70,511,035","$134,686,457","$25,642,340","['English', 'French', 'Latin', 'Spanish']","['United States', 'United Kingdom', 'Germany']","['Dystopian Sci-Fi', 'Political Thriller', 'Superhero', 'Action', 'Drama', 'Sci-Fi', 'Thriller']","['Warner Bros.', 'Virtual Studios', 'Silver Pictures']",7 wins & 29 nominations total,['Awards']
168,Inside Out,Pete Docter,"['Pete Docter', 'Ronnie Del Carmen', 'Meg LeFauve']",8.1,2015,2h 9m,U,"$175,000,000 (estimated)","$356,461,711","$859,076,254","$90,440,272","['English', 'Portuguese', 'Latvian']",['United States'],"['Coming-of-Age', 'Computer Animation', 'Adventure', 'Animation', 'Comedy', 'Drama', 'Family', 'Fantasy']","['Pixar Animation Studios', 'Walt Disney Pictures']",99 wins & 118 nominations total,['Won 1 Oscar']
169,"Three Billboards Outside Ebbing, Missouri",Martin McDonagh,['Martin McDonagh'],8.1,2017,1h 33m,A,"$15,000,000 (estimated)","$54,513,740","$162,729,321","$322,168",['English'],"['United Kingdom', 'United States']","['Dark Comedy', 'Satire', 'Comedy', 'Crime', 'Drama']","['Blueprint Pictures', 'Film4', 'Searchlight Pictures']",132 wins & 233 nominations total,['Won 2 Oscars']
170,Raging Bull,Martin Scorsese,"['Jake LaMotta', 'Joseph Carter', 'Peter Savage']",8.1,1980,2h 41m,A,"$18,000,000 (estimated)","$23,383,987","$23,405,883","$128,590",[],"['United States', 'Black and White']","['Boxing', 'Docudrama', 'Biography', 'Drama', 'Sport']",[],24 wins & 28 nominations total,['Won 2 Oscars']
171,Trainspotting,Danny Boyle,"['Irvine Welsh', 'John Hodge']",8.1,1996,2h 21m,A,"£1,500,000 (estimated)","$16,491,080","$16,981,823","$262,673",['English'],"['United Kingdom', 'United States']","['Dark Comedy', 'Psychological Drama', 'Drama']","['Miramax', 'Channel Four Films', 'Figment Films']",23 wins & 35 nominations total,['Nominated for 1 Oscar']
172,The Bridge on the River Kwai,David Lean,"['Pierre Boulle', 'Carl Foreman', 'Michael Wilson']",8.1,1957,1h 38m,U,"$3,000,000 (estimated)","$27,200,000",,"$27,201,366",[],"['United Kingdom', 'United States']","['Jungle Adventure', 'War Epic', 'Adventure', 'Drama', 'War']",[],30 wins & 7 nominations total,['Won 7 Oscars']
173,Catch Me If You Can,Steven Spielberg,"['Frank Abagnale Jr.', 'Stan Redding', 'Jeff Nathanson']",8.1,2002,2h 20m,A,"$52,000,000 (estimated)","$164,615,351","$352,114,312","$30,053,627","['English', 'French']","['United States', 'Canada']","['Caper', 'Coming-of-Age', 'Docudrama', 'Globetrotting Adventure', 'Period Drama', 'True Crime', 'Biography', 'Crime', 'Drama']","['Dreamworks Pictures', 'Kemp Company', 'Splendid Pictures']",16 wins & 46 nominations total,['Nominated for 2 Oscars']
174,Fargo,Joel Coen,"['Ethan Coen', 'Joel Coen']",8.1,1996,2h 10m,A,"$7,000,000 (estimated)","$24,611,975","$60,611,975","$730,265",['English'],"['United Kingdom', 'United States']","['Cop Drama', 'Dark Comedy', 'Police Procedural', 'Tragedy', 'Crime', 'Drama', 'Thriller']","['PolyGram Filmed Entertainment', 'Working Title Films']",84 wins & 58 nominations total,['Won 2 Oscars']
175,Warrior,Gavin O'Connor,"[""Gavin O'Connor"", 'Anthony Tambakis', 'Cliff Dorfman']",8.1,2011,1h 56m,UA,"$25,000,000 (estimated)","$13,657,115","$23,308,615","$5,242,107","['English', 'Spanish']",['United States'],"['Boxing', 'Action', 'Drama', 'Sport']","['Lionsgate', 'Mimran Schur Pictures', 'Solaris']",6 wins & 22 nominations total,['Nominated for 1 Oscar']
176,Harry Potter and the Deathly Hallows: Part 2,David Yates,"['Steve Kloves', 'J.K. Rowling']",8.1,2011,2h 28m,UA,"$125,000,000 (estimated)","$381,447,587","$1,342,499,744","$169,189,427","['English', 'Latin']","['United Kingdom', 'United States']","['Dark Fantasy', 'Fantasy Epic', 'Teen Adventure', 'Teen Fantasy', 'Adventure', 'Family', 'Fantasy', 'Mystery']","['Warner Bros.', 'Heyday Films']",49 wins & 95 nominations total,['Nominated for 3 Oscars']
177,Gran Torino,Clint Eastwood,"['Nick Schenk', 'Dave Johannson']",8.1,2008,2h 12m,UA,"$33,000,000 (estimated)","$148,095,302","$269,958,228","$271,720","['English', 'Hmong']","['Germany', 'United States']",['Drama'],"['Matten Productions', 'Double Nickel Entertainment', 'Gerber Pictures']",21 wins & 23 nominations total,['Awards']
178,Spider-Man: No Way Home,Jon Watts,"['Chris McKenna', 'Erik Sommers', 'Stan Lee']",8.2,2021,1h 26m,UA,"$200,000,000 (estimated)","$814,866,759","$1,952,732,181","$260,138,569",['English'],['United States'],"['Superhero', 'Supernatural Fantasy', 'Urban Adventure', 'Action', 'Adventure', 'Fantasy', 'Sci-Fi']","['Columbia Pictures', 'Pascal Pictures', 'Marvel Studios']",35 wins & 71 nominations total,['Nominated for 1 Oscar']
179,Million Dollar Baby,Clint Eastwood,"['Paul Haggis', 'F.X. Toole']",8.1,2004,2h,UA,"$30,000,000 (estimated)","$100,492,203","$216,763,646","$179,953","['English', 'Irish Gaelic', 'German']",['United States'],"['Boxing', 'Tragedy', 'Drama', 'Sport']","['Warner Bros.', 'Lakeshore Entertainment', 'Malpaso Productions']",68 wins & 86 nominations total,['Won 4 Oscars']
180,My Neighbour Totoro,Hayao Miyazaki,['Hayao Miyazaki'],8.1,1988,3h 32m,U,"$3,700,000 (estimated)","$2,250,213","$30,333,054","$539,245",['Japanese'],['Japan'],"['Anime', 'Hand-Drawn Animation', 'Iyashikei', 'Animation', 'Comedy', 'Family', 'Fantasy']",[],5 wins & 2 nominations total,['Awards']
181,Mad Max: Fury Road,George Miller,"['George Miller', 'Brendan McCarthy', 'Nick Lathouris']",8.1,2015,1h 29m,UA,"$150,000,000 (estimated)","$154,280,290","$380,437,267","$45,428,128","['English', 'Russian']","['Australia', 'United States']","['Action Epic', 'Adventure Epic', 'Car Action', 'Desert Adventure', 'Dystopian Sci-Fi', 'Epic', 'Quest', 'Road Trip', 'Action', 'Adventure']","['Warner Bros.', 'Village Roadshow Pictures', 'Kennedy Miller Mitchell']",245 wins & 233 nominations total,['Won 6 Oscars']
182,Ben-Hur,William Wyler,"['Lew Wallace', 'Karl Tunberg', 'Gore Vidal']",8.1,1959,3h 5m,U,"$15,000,000 (estimated)","$74,432,704","$74,439,376","$241,792",['English'],['United States'],"['Adventure Epic', 'Epic', 'Period Drama', 'Sword & Sandal', 'Adventure', 'Drama']",['Metro-Goldwyn-Mayer (MGM)'],29 wins & 13 nominations total,['Won 11 Oscars']
183,Bacheha-Ye Aseman,Majid Majidi,['Majid Majidi'],8.2,1997,2h 14m,PG,"$180,000 (estimated)","$933,933","$933,933","$20,100",['Persian'],['Iran'],"['Drama', 'Family', 'Sport']",['Kanun parvaresh fekri'],18 wins & 5 nominations total,['Nominated for 1 Oscar']
184,Barry Lyndon,Stanley Kubrick,"['Stanley Kubrick', 'William Makepeace Thackeray']",8.1,1975,1h 41m,U,"$11,000,000 (estimated)","$279,084",,,[],"['United Kingdom', 'United States']","['Costume Drama', 'Dark Comedy', 'Epic', 'Period Drama', 'Adventure', 'Drama', 'War']",[],17 wins & 14 nominations total,['Won 4 Oscars']
185,12 Years a Slave,Steve McQueen,"['John Ridley', 'Solomon Northup']",8.1,2013,1h 57m,A,"$20,000,000 (estimated)","$56,671,993","$187,734,091","$923,715",['English'],"['United Kingdom', 'United States']","['Costume Drama', 'Docudrama', 'Epic', 'Period Drama', 'Tragedy', 'Biography', 'Drama', 'History']","['New Regency Productions', 'River Road Entertainment', 'Plan B Entertainment']",244 wins & 337 nominations total,['Won 3 Oscars']
186,Before Sunrise,Richard Linklater,"['Richard Linklater', 'Kim Krizan']",8.1,1995,1h 39m,Not Rated,"$2,500,000 (estimated)","$5,535,405","$6,568,101","$1,423,537",[],"['United States', 'Austria', 'Dolby SR']","['Drama', 'Romance']",[],1 win & 7 nominations total,['Awards']
187,Blade Runner,Ridley Scott,"['Hampton Fancher', 'David Webb Peoples', 'Philip K. Dick']",8.1,1982,2h 8m,UA,"$28,000,000 (estimated)","$32,914,489","$41,758,687","$6,150,002","['English', 'German', 'Cantonese', 'Japanese', 'Hungarian', 'Arabic', 'Korean']","['United States', 'United Kingdom']","['Artificial Intelligence', 'Cyber Thriller', 'Cyberpunk', 'Dystopian Sci-Fi', 'Action', 'Drama', 'Sci-Fi', 'Thriller']","['The Ladd Company', 'Shaw Brothers', 'Warner Bros.']",13 wins & 22 nominations total,['Nominated for 2 Oscars']
188,The Grand Budapest Hotel,Wes Anderson,"['Stefan Zweig', 'Wes Anderson', 'Hugo Guinness']",8.1,2014,2h 19m,UA,"$25,000,000 (estimated)","$59,301,324","$174,567,384","$811,166","['English', 'French', 'German']","['United States', 'Germany', 'Color']","['Caper', 'Quirky Comedy', 'Adventure', 'Comedy', 'Crime']","['Fox Searchlight Pictures', 'Indian Paintbrush', 'Studio Babelsberg']",135 wins & 227 nominations total,['Won 4 Oscars']
189,Dead Poets Society,Peter Weir,['Tom Schulman'],8.1,1989,2h 29m,U,"$16,400,000 (estimated)","$95,860,116","$235,860,116","$340,456",[],['United States'],"['Coming-of-Age', 'Teen Drama', 'Comedy', 'Drama']",[],20 wins & 19 nominations total,['Won 1 Oscar']
190,Hacksaw Ridge,Mel Gibson,"['Robert Schenkkan', 'Andrew Knight']",8.1,2016,2h 11m,A,"$40,000,000 (estimated)","$67,209,615","$180,563,636","$15,190,758","['English', 'Japanese']",['United States'],"['Docudrama', 'Epic', 'Period Drama', 'War Epic', 'Biography', 'Drama', 'History', 'War']","['Summit Entertainment', 'Cross Creek Pictures', 'Demarest Films']",57 wins & 115 nominations total,['Won 2 Oscars']
191,Gone Girl,David Fincher,['Gillian Flynn'],8.1,2014,2h 13m,A,"$61,000,000 (estimated)","$167,767,189","$370,890,259","$37,513,109",['English'],['United States'],"['Erotic Thriller', 'Psychological Drama', 'Psychological Thriller', 'Suspense Mystery', 'Tragedy', 'Drama', 'Mystery', 'Thriller']","['Twentieth Century Fox', 'New Regency Productions', 'TSG Entertainment']",64 wins & 188 nominations total,['Nominated for 1 Oscar']
192,Salinui Chueok,Bong Joon Ho,"['Bong Joon Ho', 'Kwang-rim Kim', 'Sung-bo Shim']",8.1,2003,1h 32m,UA,"$2,800,000 (estimated)","$15,357","$1,210,156","$4,487","['Korean', 'English']",['South Korea'],"['Dark Comedy', 'Korean Drama', 'Police Procedural', 'Serial Killer', 'True Crime', 'Crime', 'Drama', 'Mystery', 'Thriller']","['Sidus', 'CJ Entertainment', 'Muhan Investment']",33 wins & 10 nominations total,['Awards']
193,In the Name of the Father,Jim Sheridan,"['Gerry Conlon', 'Terry George', 'Jim Sheridan']",8.1,1993,1h 35m,UA,"$13,000,000 (estimated)","$25,096,862","$65,796,862","$109,805",[],"['Ireland', 'United Kingdom', 'United States']","['Docudrama', 'Legal Drama', 'Period Drama', 'Prison Drama', 'Tragedy', 'True Crime', 'Biography', 'Crime', 'Drama']",[],7 wins & 41 nominations total,['Nominated for 7 Oscars']
194,"Monsters, Inc.",Pete Docter,"['Pete Docter', 'Jill Culton', 'Jeff Pidgeon']",8.1,2001,1h 51m,U,"$115,000,000 (estimated)","$290,642,256","$579,770,299","$62,577,067",['English'],['United States'],"['Buddy Comedy', 'Computer Animation', 'Satire', 'Slapstick', 'Supernatural Fantasy', 'Urban Adventure', 'Adventure', 'Animation', 'Comedy', 'Family']","['Walt Disney Pictures', 'Pixar Animation Studios']",15 wins & 38 nominations total,['Won 1 Oscar']
195,The Gold Rush,Charles Chaplin,['Charles Chaplin'],8.1,1925,2h 2m,Approved,"$923,000 (estimated)","$31,490",,,"['None', 'English']",['United States'],"['Farce', 'Feel-Good Romance', 'Romantic Comedy', 'Slapstick', 'Adventure', 'Comedy', 'Drama', 'Romance', 'Western']",['Charles Chaplin Productions'],5 wins & 3 nominations total,['Nominated for 2 Oscars']
196,Ratatouille,Brad Bird,"['Brad Bird', 'Jan Pinkava', 'Jim Capobianco']",8.1,2007,1h 38m,U,"$150,000,000 (estimated)","$206,445,654","$623,729,380","$47,027,395","['English', 'French']",['United States'],"['Animal Adventure', 'Computer Animation', 'Satire', 'Adventure', 'Animation', 'Comedy', 'Family', 'Fantasy']",[],68 wins & 42 nominations total,['Won 1 Oscar']
197,Relatos Salvajes,Damián Szifron,"['Julian Loyola', 'Damián Szifron', 'Germán Servidio']",8.1,2014,2h 4m,18,"$3,300,000 (estimated)","$3,106,530","$31,478,893","$85,100",['Spanish'],"['Argentina', 'Spain', 'France', 'United Kingdom']","['Dark Comedy', 'Comedy', 'Drama', 'Thriller']","['K&S Films', 'El Deseo', 'Televisión Federal (Telefe)']",51 wins & 58 nominations total,['Nominated for 1 Oscar']
198,How to Train Your Dragon,Dean DeBlois,"['William Davies', 'Dean DeBlois', 'Chris Sanders']",8.1,2010,45m,U,"$165,000,000 (estimated)","$217,581,231","$494,879,860","$43,732,319",['English'],"['United States', 'France', 'United Kingdom']","['Computer Animation', 'Sword & Sorcery', 'Teen Fantasy', 'Action', 'Adventure', 'Animation', 'Family', 'Fantasy']",[],25 wins & 63 nominations total,['Nominated for 2 Oscars']
199,Jaws,Steven Spielberg,"['Peter Benchley', 'Carl Gottlieb']",8.1,1975,3h 3m,A,"$7,000,000 (estimated)","$267,263,625","$477,916,625","$7,061,513",['English'],['United States'],"['Monster Horror', 'Sea Adventure', 'Survival', 'Adventure', 'Drama', 'Horror', 'Thriller']","['Zanuck/Brown Productions', 'Universal Pictures']",16 wins & 20 nominations total,['Won 3 Oscars']
200,Sherlock Jr.,Buster Keaton,"['Jean C. Havez', 'Joseph A. Mitchell', 'Clyde Bruckman']",8.2,1924,1h 32m,Passed,$399,,,,"['None', 'English']",['United States'],"['Bumbling Detective', 'Farce', 'Feel-Good Romance', 'Slapstick', 'Action', 'Comedy', 'Romance']",['Buster Keaton Productions'],2 wins total,['Awards']
201,The Deer Hunter,Michael Cimino,"['Michael Cimino', 'Deric Washburn', 'Louis Garfinkle']",8.1,1978,1h 18m,A,"$15,000,000 (estimated)","$48,979,328",,"$49,080,126","['English', 'Vietnamese', 'French', 'Russian', 'Cantonese']","['United States', 'United Kingdom']","['Epic', 'War Epic', 'Drama', 'War']",['EMI Films'],24 wins & 27 nominations total,['Won 5 Oscars']
202,Mary and Max,Adam Elliot,['Adam Elliot'],8.1,2009,2h 36m,U,"A$8,240,000 (estimated)","$1,740,791",,,"['English', 'Yiddish']","['Australia', 'Color']","['Adult Animation', 'Coming-of-Age', 'Dark Comedy', 'Stop Motion Animation', 'Animation', 'Comedy', 'Drama']",['Melodrama Pictures'],6 wins & 9 nominations total,['Awards']
203,The General,Clyde Bruckman,"['Buster Keaton', 'Clyde Bruckman', 'Al Boasberg']",8.1,1926,2h 32m,Passed,"$750,000 (estimated)",$612,,,[],['United States'],"['Farce', 'Slapstick', 'Action', 'Adventure', 'Comedy', 'Drama', 'War']",[],3 wins & 1 nomination total,['Awards']
204,Le Salaire De La Peur,Henri-Georges Clouzot,"['Georges Arnaud', 'Henri-Georges Clouzot', 'Jérôme Géronimi']",8.1,1953,1h 48m,U,"$21,228","$7,633",,"Dec 1, 2024",[],"['France', 'Italy']","['Psychological Drama', 'Survival', 'Adventure', 'Drama', 'Thriller']",[],6 wins & 1 nomination total,['Won 1 BAFTA Award']
205,Ford v. Ferrari,James Mangold,"['Jez Butterworth', 'John-Henry Butterworth', 'Jason Keller']",8.1,2019,2h 9m,UA,"$97,600,000 (estimated)","$117,624,357","$226,299,480","$31,474,958","['English', 'Italian', 'French', 'Japanese']",['United States'],"['Docudrama', 'Motorsport', 'Period Drama', 'Action', 'Biography', 'Drama', 'Sport']","['Chernin Entertainment', 'TSG Entertainment', 'Turnpike Films']",26 wins & 88 nominations total,['Won 2 Oscars']
206,On the Waterfront,Elia Kazan,"['Budd Schulberg', 'Malcolm Johnson', 'Robert Siodmak']",8.1,1954,1h 32m,A,"$910,000 (estimated)","$3,768",,,[],['United States'],"['Legal Drama', 'Crime', 'Drama', 'Thriller']",[],30 wins & 10 nominations total,['Won 8 Oscars']
207,Maharaja,Nithilan Saminathan,['Nithilan Saminathan'],8.4,2024,1h 44m,2h 21m,"₹200,000,000 (estimated)","$975,543",,,['Tamil'],['India'],"['One-Person Army Action', 'Action', 'Crime', 'Drama', 'Thriller']",[],3 nominations total,['Awards']
208,Mr. Smith Goes to Washington,Frank Capra,"['Sidney Buchman', 'Lewis R. Foster', 'Myles Connolly']",8.1,1939,2h 17m,U,"$1,900,000 (estimated)","$144,738","$146,123","$83,205",[],['United States'],"['Political Drama', 'Comedy', 'Drama']",[],5 wins & 12 nominations total,['Won 1 Oscar']
209,Smultronstället,Ingmar Bergman,"['Ingmar Bergman', 'Louis Sauvat']",8.1,1957,2h,U,"$81,070",,,,[],['Sweden'],"['Psychological Drama', 'Drama', 'Romance']",[],16 wins & 4 nominations total,['Nominated for 1 Oscar']
210,Demon Slayer: Tsuzumi Mansion Arc,Haruo Sotozaki,[],8.6,2021,2h 17m,1h 27m,"$67,358",,,,[],['Japan'],"['Anime', 'Action', 'Animation', 'Fantasy']",[],See the Top 250 movies as rated by IMDb users,[]
211,The Third Man,Carol Reed,"['Graham Greene', 'Orson Welles', 'Alexander Korda']",8.1,1949,1h 57m,U,"$1,067,364","$13,576",,"May 9, 1999","['English', 'German', 'Russian', 'French']","['United Kingdom', 'United States']","['Film Noir', 'Hard-boiled Detective', 'Whodunnit', 'Drama', 'Mystery', 'Thriller']",['London Film Productions'],5 wins & 4 nominations total,['Won 1 Oscar']
212,Logan,James Mangold,"['James Mangold', 'Scott Frank', 'Michael Green']",8.1,2017,2h 9m,A,"$97,000,000 (estimated)","$226,277,068","$619,180,476","$88,411,916","['English', 'Spanish']",['United States'],"['Dystopian Sci-Fi', 'Road Trip', 'Superhero', 'Action', 'Drama', 'Sci-Fi', 'Thriller']","['Twentieth Century Fox', 'Marvel Entertainment', 'TSG Entertainment']",28 wins & 82 nominations total,['Nominated for 1 Oscar']
213,Rocky,John G. Avildsen,['Sylvester Stallone'],8.1,1976,1h 36m,U,"$960,000 (estimated)","$117,235,147",,"$117,253,184","['English', 'Spanish', 'Italian']",['United States'],"['Boxing', 'Drama', 'Sport']",['Chartoff-Winkler Productions'],22 wins & 23 nominations total,['Won 3 Oscars']
214,Tokyo Story,Yasujirô Ozu,"['Kôgo Noda', 'Yasujirô Ozu']",8.1,1953,1h 58m,U,"$92,310",,,,[],['Japan'],"['Psychological Drama', 'Drama']",[],3 wins total,['Awards']
215,The Big Lebowski,Joel Coen,"['Ethan Coen', 'Joel Coen']",8.1,1998,1h 47m,UA,"$15,000,000 (estimated)","$19,488,923","$48,254,463","$5,533,844",[],"['United Kingdom', 'United States', 'DTS', 'Dolby Digital']","['Buddy Comedy', 'Drug Crime', 'Satire', 'Stoner Comedy', 'Comedy', 'Crime']",[],5 wins & 18 nominations total,['Awards']
216,Spotlight,Tom McCarthy,"['Josh Singer', 'Tom McCarthy']",8.1,2015,2h 23m,A,"$20,000,000 (estimated)","$45,055,776","$98,690,254","$295,009",['English'],['United States'],"['Docudrama', 'Legal Drama', 'Period Drama', 'True Crime', 'Workplace Drama', 'Biography', 'Crime', 'Drama']","['Participant', 'First Look Media', 'Anonymous Content']",124 wins & 144 nominations total,['Won 2 Oscars']
217,Det Sjunde Inseglet,Ingmar Bergman,['Ingmar Bergman'],8.1,1957,2h 1m,A,"$150,000 (estimated)","$311,212",,,[],['Sweden'],"['Psychological Drama', 'Drama', 'Fantasy']",[],9 wins & 2 nominations total,['Awards']
218,Room,Lenny Abrahamson,['Emma Donoghue'],8.1,2015,2h,U,"$13,000,000 (estimated)","$14,677,654","$35,402,766","$118,298",['English'],"['Ireland', 'Canada', 'United Kingdom', 'United States']","['Psychological Drama', 'Drama', 'Thriller']","['Element Pictures', 'Bord Scannán na hÉireann / The Irish Film Board', 'Film4']",108 wins & 141 nominations total,['Won 1 Oscar']
219,The Terminator,James Cameron,"['James Cameron', 'Gale Anne Hurd', 'William Wisher']",8.1,1984,1h 38m,A,"$6,400,000 (estimated)","$38,371,200","$78,371,200","$4,020,663","['English', 'Spanish']","['United Kingdom', 'United States']","['Artificial Intelligence', 'Cyberpunk', 'Dystopian Sci-Fi', 'Time Travel', 'Urban Adventure', 'Action', 'Adventure', 'Sci-Fi']","[""Cinema '84"", 'Euro Film Funding', 'Hemdale']",8 wins & 7 nominations total,['Awards']
220,Pirates of the Caribbean: The Curse of the Black Pearl,Gore Verbinski,"['Ted Elliott', 'Terry Rossio', 'Stuart Beattie']",8.1,2003,2h 44m,UA,"$140,000,000 (estimated)","$305,413,918","$654,264,546","$46,630,690",['English'],['United States'],"['Sea Adventure', 'Supernatural Fantasy', 'Swashbuckler', 'Sword & Sandal', 'Action', 'Adventure', 'Fantasy']","['Walt Disney Pictures', 'Jerry Bruckheimer Films']",38 wins & 104 nominations total,['Nominated for 5 Oscars']
221,Hotel Rwanda,Terry George,"['Keir Pearson', 'Terry George']",8.1,2004,1h 20m,UA,"$17,500,000 (estimated)","$23,530,892","$33,882,243","$100,091","['English', 'French', 'Kinyarwanda']","['United States', 'United Kingdom', 'South Africa']","['Docudrama', 'Biography', 'Drama', 'History', 'War']","['United Artists', 'Lionsgate', 'Industrial Development Corporation of South Africa']",16 wins & 49 nominations total,['Nominated for 3 Oscars']
222,Platoon,Oliver Stone,['Oliver Stone'],8.1,1986,2h 50m,UA,"$6,000,000 (estimated)","$138,530,565","$138,545,632","$241,080","['English', 'Vietnamese']","['United States', 'United Kingdom']","['Drama', 'War']","['Hemdale', ""Cinema '84"", 'Cinema 86']",24 wins & 16 nominations total,['Won 4 Oscars']
223,La haine,Mathieu Kassovitz,['Mathieu Kassovitz'],8.1,1995,1h 50m,Not Rated,"€2,590,000 (estimated)","$280,859",,"$755,409","['French', 'Yiddish']",['France'],"['Gangster', 'Psychological Drama', 'Crime', 'Drama']","['Les Productions Lazennec', 'Le Studio Canal+', 'La Sept Cinéma']",8 wins & 15 nominations total,['Awards']
224,Jai Bhim,T.J. Gnanavel,"['T.J. Gnanavel', 'Rajendra Sapre']",8.7,2021,2h 2m,A,,,,,[],"['India', 'United States']","['Legal Drama', 'Crime', 'Drama']",[],10 wins & 20 nominations total,['Awards']
225,Before Sunset,Richard Linklater,"['Richard Linklater', 'Julie Delpy', 'Ethan Hawke']",8.1,2004,1h 42m,A,"$2,700,000 (estimated)","$5,820,649","$16,506,532","$219,425","['English', 'French']","['France', 'United States']","['Drama', 'Romance']","['Warner Independent Pictures (WIP)', 'Castle Rock Entertainment', 'Detour Filmproduction']",10 wins & 32 nominations total,['Nominated for 1 Oscar']
226,The Best Years of Our Lives,William Wyler,"['Robert E. Sherwood', 'MacKinlay Kantor']",8.1,1946,1h 55m,Approved,"$2,100,000 (estimated)","$23,650,000",,"$23,667,133",[],['United States'],"['Epic', 'Feel-Good Romance', 'Drama', 'Romance', 'War']",[],21 wins & 3 nominations total,['Won 7 Oscars']
227,La passion de Jeanne d'Arc,Carl Theodor Dreyer,"['Joseph Delteil', 'Carl Theodor Dreyer']",8.1,1928,2h 3m,Passed,"$21,877","$6,408",,"Nov 26, 2017",[],['France'],"['Legal Drama', 'Period Drama', 'Psychological Drama', 'Tragedy', 'Biography', 'Drama', 'History']",[],4 wins & 1 nomination total,['Awards']
228,The Exorcist,William Friedkin,['William Peter Blatty'],8.1,1973,2h 52m,A,"$11,000,000 (estimated)","$233,005,644","$430,872,776","$8,175,666","['English', 'Latin', 'Greek', 'French', 'German', 'Arabic', 'Kurdish']",['United States'],"['Body Horror', 'Supernatural Horror', 'Horror']","['Warner Bros.', 'Hoya Productions']",18 wins & 21 nominations total,['Won 2 Oscars']
229,The Wizard of Oz,Victor Fleming,"['Noel Langley', 'Florence Ryerson', 'Edgar Allan Woolf']",8.1,1939,1h 29m,U,"$2,777,000 (estimated)","$24,668,669","$25,637,669","$5,354,311",['English'],[],"['Adventure Epic', 'Classic Musical', 'Fairy Tale', 'Fantasy Epic', 'Quest', 'Adventure', 'Family', 'Fantasy', 'Musical']",['Metro-Goldwyn-Mayer (MGM)'],13 wins & 14 nominations total,['Won 2 Oscars']
230,The Incredibles,Brad Bird,['Brad Bird'],8.0,2004,1h 33m,U,"$92,000,000 (estimated)","$261,441,092","$631,688,498","$70,467,623","['English', 'French', 'German', 'Italian', 'Portuguese', 'Russian']","['United States', 'Black and White']","['Computer Animation', 'Superhero', 'Urban Adventure', 'Action', 'Adventure', 'Animation', 'Family']","['Walt Disney Pictures', 'Pixar Animation Studios']",69 wins & 56 nominations total,['Won 2 Oscars']
231,Rush,Ron Howard,['Peter Morgan'],8.1,2013,2h 1m,R,"$38,000,000 (estimated)","$26,947,624","$96,992,516","$187,289","['English', 'German', 'Italian', 'French', 'Japanese', 'Spanish']","['United Kingdom', 'United States']","['Docudrama', 'Motorsport', 'Period Drama', 'Biography', 'Drama', 'Sport']","['Exclusive Media Group', 'Cross Creek Pictures', 'Imagine Entertainment']",6 wins & 65 nominations total,['Won 1 BAFTA Award']
232,The Sound of Music,Robert Wise,"['Georg Hurdalek', 'Howard Lindsay', 'Russel Crouse']",8.1,1965,1h 52m,U,"$8,200,000 (estimated)","$159,287,539","$159,484,051","$413,497","['English', 'German']",['United States'],"['Classic Musical', 'Epic', 'Period Drama', 'Biography', 'Drama', 'Family', 'Musical', 'Romance']","['Robert Wise Productions', 'Argyle Enterprises']",18 wins & 13 nominations total,['Won 5 Oscars']
233,Stand by Me,Rob Reiner,"['Stephen King', 'Raynold Gideon', 'Bruce A. Evans']",8.1,1986,2h 25m,U,"$8,000,000 (estimated)","$52,287,414","$53,522,503","$242,795",['English'],['United States'],"['Coming-of-Age', 'Dark Comedy', 'Adventure', 'Comedy', 'Drama']","['Columbia Pictures', 'Act III', 'Act III Communications']",6 wins & 12 nominations total,['Nominated for 1 Oscar']
234,Hachi: A Dog's Tale,Lasse Hallström,"['Stephen P. Lindsey', 'Kaneto Shindô']",8.1,2009,1h 39m,U,"$16,000,000 (estimated)","$46,749,646",,,"['English', 'Japanese']","['United Kingdom', 'United States']","['Animal Adventure', 'Biography', 'Drama', 'Family']","['Stage 6 Films', 'Inferno Distribution', 'Hachiko']",1 nomination total,['Awards']
235,Network,Sidney Lumet,['Paddy Chayefsky'],8.1,1976,1h 26m,UA,"$3,800,000 (estimated)","$23,689,877",,"$23,701,317",[],['United States'],"['Dark Comedy', 'Workplace Drama', 'Drama']",[],20 wins & 27 nominations total,['Won 4 Oscars']
236,My Father and My Son,Çagan Irmak,['Çagan Irmak'],8.2,2005,2h 1m,Not Rated,"$18,612,999",,,,[],['Turkey'],"['Drama', 'Family']",[],14 wins & 7 nominations total,['Awards']
237,Ah-ga-ssi,Park Chan-wook,"['Sarah Waters', 'Chung Seo-kyung', 'Park Chan-wook']",8.1,2016,2h 28m,A,"₩10,000,000,000 (estimated)","$2,006,788","$37,863,670","$92,129","['Korean', 'Japanese']",['South Korea'],"['Dark Romance', 'Erotic Thriller', 'Psychological Thriller', 'Steamy Romance', 'Drama', 'Romance', 'Thriller']","['CJ Entertainment', 'Moho Film', 'Yong Film']",69 wins & 104 nominations total,['Won 1 BAFTA Award']
238,To Be or Not to Be,Ernst Lubitsch,"['Melchior Lengyel', 'Edwin Justus Mayer', 'Ernst Lubitsch']",8.1,1942,2h 9m,Approved,"$3,270,000","$4,578,000",,,"['English', 'German', 'French']",['United States'],"['Screwball Comedy', 'Comedy', 'Romance', 'War']",[],2 wins & 2 nominations total,['Nominated for 1 Oscar']
239,The Iron Giant,Brad Bird,"['Tim McCanlies', 'Brad Bird', 'Ted Hughes']",8.1,1999,1h 41m,U,"$70,000,000 (estimated)","$23,315,035","$23,338,352","$5,732,614",['English'],"['United States', 'Czech Republic', 'United Kingdom', 'Dolby Digital', 'SDDS', 'DTS']","['Alien Invasion', 'Artificial Intelligence', 'Hand-Drawn Animation', 'High-Concept Comedy', 'Kaiju', 'Space Sci-Fi', 'Action', 'Adventure', 'Animation', 'Comedy']","['Warner Bros.', 'Warner Bros. Animation', 'Warner Bros. Feature Animation']",20 wins & 18 nominations total,['Won 1 BAFTA Award']
240,La battaglia di Algeri,Gillo Pontecorvo,"['Franco Solinas', 'Gillo Pontecorvo']",8.1,1966,1h 41m,Not Rated,"$800,000 (estimated)","$879,794","$962,002","$64,870","['Arabic', 'French', 'English', 'Spanish']","['Italy', 'Algeria']","['Docudrama', 'Political Drama', 'Drama', 'War']","['Igor Film', 'Casbah Film']",9 wins & 8 nominations total,['Nominated for 3 Oscars']
241,Into the Wild,Sean Penn,"['Sean Penn', 'Jon Krakauer']",8.1,2007,2h 34m,U,"$15,000,000 (estimated)","$18,354,356","$56,676,733","$212,440","['English', 'Danish']",['United States'],"['Coming-of-Age', 'Docudrama', 'Road Trip', 'Survival', 'Tragedy', 'Adventure', 'Biography', 'Drama']","['Paramount Vantage', 'Art Linson Productions', 'Into the Wild']",23 wins & 106 nominations total,['Nominated for 2 Oscars']
242,The Grapes of Wrath,John Ford,"['Nunnally Johnson', 'John Steinbeck']",8.1,1940,2h 26m,Approved,"$800,000 (estimated)","$7,304",,,[],['United States'],['Drama'],[],10 wins & 6 nominations total,['Won 2 Oscars']
243,Groundhog Day,Harold Ramis,"['Danny Rubin', 'Harold Ramis']",8.0,1993,2h 10m,U,"$14,600,000 (estimated)","$71,107,962","$71,108,778","$12,517,672",[],['United States'],"['Feel-Good Romance', 'High-Concept Comedy', 'Holiday Comedy', 'Holiday Romance', 'Romantic Comedy', 'Comedy', 'Drama', 'Fantasy', 'Romance']",[],7 wins & 17 nominations total,['Won 1 BAFTA Award']
244,A Man Escaped,Robert Bresson,"['André Devigny', 'Robert Bresson']",8.2,1956,2h 10m,Not Rated,,,,,[],['France'],"['Prison Drama', 'Drama', 'Thriller', 'War']",[],4 wins & 3 nominations total,['Nominated for 1 BAFTA Award']
245,Amores perros,Alejandro G. Iñárritu,['Guillermo Arriaga'],8.0,2000,2h 19m,A,"$2,000,000 (estimated)","$5,408,467","$20,908,467","$61,047",['Spanish'],['Mexico'],"['Tragedy', 'Drama', 'Thriller']","['Altavista Films', 'Zeta Film']",55 wins & 24 nominations total,['Nominated for 1 Oscar']
